Account,Date,Channel,Units,1:00,2:00,3:00,4:00,5:00,6:00,7:00,8:00,9:00,10:00,11:00,12:00,13:00,14:00,15:00,16:00,17:00,18:00,19:00,20:00,21:00,22:00,23:00,24:00
2716743003 STOP SHOPOP   #090,9/11/2018,1 kWh,kWh,,,,,,,,,,,,,,,,,,,,,,,,
2716743003 STOP SHOPOP   #090,9/12/2018,1 kWh,kWh,,,,,,,,,,,,,,,,,,,,,,,,
2716743003 STOP SHOPOP   #090,9/13/2018,1 kWh,kWh,,,,,,,,,,,,,,,,,,,,,,,,
2716743003 STOP SHOPOP   #090,9/14/2018,1 kWh,kWh,,,,,,,,,,,,,,,,,,,,,,,,
2716743003 STOP SHOPOP   #090,9/15/2018,1 kWh,kWh,,,,,,,,,,,,,,,,,,,,,,,,
2716743003 STOP SHOPOP   #090,9/16/2018,1 kWh,kWh,,,,,,,,,,,,,,,,,,,,,,,,
2716743003 STOP SHOPOP   #090,9/17/2018,1 kWh,kWh,,,,,,,,,,,,,,,,,,,,,,,,
2716743003 STOP SHOPOP   #090,9/18/2018,1 kWh,kWh,,,,,,,,,,,,,,,,,,,,,,,,
2716743003 STOP SHOPOP   #090,9/19/2018,1 kWh,kWh,,,,,,,,,,,,,,,,,,,,,,,,
2716743003 STOP SHOPOP   #090,9/20/2018,1 kWh,kWh,,,,,,,,,,,,,,,,,,,,,,,,
2716743003 STOP SHOPOP   #090,9/21/2018,1 kWh,kWh,,,,,,,,,,,,,,,,,,,,,,,,
2716743003 STOP SHOPOP   #090,9/22/2018,1 kWh,kWh,,,,,,,,,,,,,,,,,,,,,,,,
2716743003 STOP SHOPOP   #090,9/23/2018,1 kWh,kWh,,,,,,,,,,,,,,,,,,,,,,,,
2716743003 STOP SHOPOP   #090,9/24/2018,1 kWh,kWh,,,,,,,,,,,,,,,,,,,,,,,,
2716743003 STOP SHOPOP   #090,9/25/2018,1 kWh,kWh,,,,,,,,,,,,,,,,,,,,,,,,
2716743003 STOP SHOPOP   #090,9/26/2018,1 kWh,kWh,,,,,,,,,,,,,,,,,,,,,,,,
2716743003 STOP SHOPOP   #090,9/27/2018,1 kWh,kWh,,,,,,,,,,,,,,,,,,,,,,,,
2716743003 STOP SHOPOP   #090,9/28/2018,1 kWh,kWh,,,,,,,,,,,,,,,,,,,,,,,,
2716743003 STOP SHOPOP   #090,9/29/2018,1 kWh,kWh,,,,,,,,,,,,,,,,,,,,,,,,
2716743003 STOP SHOPOP   #090,9/30/2018,1 kWh,kWh,,,,,,,,,,,,,,,,,,,,,,,,
2716743003 STOP SHOPOP   #090,10/1/2018,1 kWh,kWh,,,,,,,,,,,,,,,,,,,,,,,,
2716743003 STOP SHOPOP   #090,10/2/2018,1 kWh,kWh,,,,,,,,,,,,,,,,,,,,,,,,
2716743003 STOP SHOPOP   #090,10/3/2018,1 kWh,kWh,,,,,,,,,,,,,,,,,,,,,,,,
2716743003 STOP SHOPOP   #090,10/4/2018,1 kWh,kWh,,,,,,,,,,,,,,,,,,,,,,,,
2716743003 STOP SHOPOP   #090,10/5/2018,1 kWh,kWh,,,,,,,,,,,,,,,,,,,,,,,,
2716743003 STOP SHOPOP   #090,10/6/2018,1 kWh,kWh,,,,,,,,,,,,,,,,,,,,,,,,
2716743003 STOP SHOPOP   #090,10/7/2018,1 kWh,kWh,,,,,,,,,,,,,,,,,,,,,,,,
2716743003 STOP SHOPOP   #090,10/8/2018,1 kWh,kWh,,,,,,,,,,,,,,,,,,,,,,,,
2716743003 STOP SHOPOP   #090,10/9/2018,1 kWh,kWh,,,,,,,,,,,,,,,,,,,,,,,,
2716743003 STOP SHOPOP   #090,10/10/2018,1 kWh,kWh,,,,,,,,,,,,,,,,,,,,,,,,
2716743003 STOP SHOPOP   #090,10/11/2018,1 kWh,kWh,,,,,,,,,,,,,,,,,,,,,,,,
2716743003 STOP SHOPOP   #090,10/12/2018,1 kWh,kWh,,,,,,,,,,,,,,,,,,,,,,,,
2716743003 STOP SHOPOP   #090,10/13/2018,1 kWh,kWh,,,,,,,,,,,,,,,,,,,,,,,,
2716743003 STOP SHOPOP   #090,10/14/2018,1 kWh,kWh,,,,,,,,,,,,,,,,,,,,,,,,
2716743003 STOP SHOPOP   #090,10/15/2018,1 kWh,kWh,,,,,,,,,,,,,,,,,,,,,,,,
2716743003 STOP SHOPOP   #090,10/16/2018,1 kWh,kWh,,,,,,,,,,,,,,,,,,,,,,,,
2716743003 STOP SHOPOP   #090,10/17/2018,1 kWh,kWh,,,,,,,,,,,,,,,,,,,,,,,,
2716743003 STOP SHOPOP   #090,10/18/2018,1 kWh,kWh,,,,,,,,,,,,,,,,,,,,,,,,
2716743003 STOP SHOPOP   #090,10/19/2018,1 kWh,kWh,,,,,,,,,,,,,,,,,,,,,,,,
2716743003 STOP SHOPOP   #090,10/20/2018,1 kWh,kWh,,,,,,,,,,,,,,,,,,,,,,,,
2716743003 STOP SHOPOP   #090,10/21/2018,1 kWh,kWh,,,,,,,,,,,,,,,,,,,,,,,,
2716743003 STOP SHOPOP   #090,10/22/2018,1 kWh,kWh,,,,,,,,,,,,,,,,,,,,,,,,
2716743003 STOP SHOPOP   #090,10/23/2018,1 kWh,kWh,,,,,,,,,,,,,,,,,,,,,,,,
2716743003 STOP SHOPOP   #090,10/24/2018,1 kWh,kWh,,,,,,,,,,,,,,,,,,,,,,,,
2716743003 STOP SHOPOP   #090,10/25/2018,1 kWh,kWh,,,,,,,,,,,,,,,,,,,,,,,,
2716743003 STOP SHOPOP   #090,10/26/2018,1 kWh,kWh,,,,,,,,,,,,,,,,,,,,,,,,
2716743003 STOP SHOPOP   #090,10/27/2018,1 kWh,kWh,,,,,,,,,,,,,,,,,,,,,,,,
2716743003 STOP SHOPOP   #090,10/28/2018,1 kWh,kWh,,,,,,,,,,,,,,,,,,,,,,,,
2716743003 STOP SHOPOP   #090,10/29/2018,1 kWh,kWh,,,,,,,,,,,,,,,,,,,,,,,,
2716743003 STOP SHOPOP   #090,10/30/2018,1 kWh,kWh,,,,,,,,,,,,,,,,,,,,,,,,
2716743003 STOP SHOPOP   #090,10/31/2018,1 kWh,kWh,,,,,,,,,,,,,,,,,,,,,,,,
2716743003 STOP SHOPOP   #090,11/1/2018,1 kWh,kWh,,,,,,,,,,,,,,,,,,,,,,,,
2716743003 STOP SHOPOP   #090,11/2/2018,1 kWh,kWh,,,,,,,,,,,,,,,,,,,,,,,,
2716743003 STOP SHOPOP   #090,11/3/2018,1 kWh,kWh,,,,,,,,,,,,,,,,,,,,,,,,
2716743003 STOP SHOPOP   #090,11/4/2018,1 kWh,kWh,,,,,,,,,,,,,,,,,,,,,,,,
2716743003 STOP SHOPOP   #090,11/5/2018,1 kWh,kWh,,,,,,,,,,,,,,,,,,,,,,,,
2716743003 STOP SHOPOP   #090,11/6/2018,1 kWh,kWh,,,,,,,,,,,,,,,,,,,,,,,,
2716743003 STOP SHOPOP   #090,11/7/2018,1 kWh,kWh,,,,,,,,,,,,,,,,,,,,,,,,
2716743003 STOP SHOPOP   #090,11/8/2018,1 kWh,kWh,,,,,,,,,,,,,,,,,,,,,,,,
2716743003 STOP SHOPOP   #090,11/9/2018,1 kWh,kWh,,,,,,,,,,,,,,,,,,,,,,,,
2716743003 STOP SHOPOP   #090,11/10/2018,1 kWh,kWh,,,,,,,,,,,,,,,,,,,,,,,,
2716743003 STOP SHOPOP   #090,11/11/2018,1 kWh,kWh,,,,,,,,,,,,,,,,,,,,,,,,
2716743003 STOP SHOPOP   #090,11/12/2018,1 kWh,kWh,,,,,,,,,,,,,,,,,,,,,,,,
2716743003 STOP SHOPOP   #090,11/13/2018,1 kWh,kWh,,,,,,,,,,,,,,,,,,,,,,,,
2716743003 STOP SHOPOP   #090,11/14/2018,1 kWh,kWh,,,,,,,,,,,,,,,,,,,,,,,,
2716743003 STOP SHOPOP   #090,11/15/2018,1 kWh,kWh,,,,,,,,,,,,,,,,,,,,,,,,
2716743003 STOP SHOPOP   #090,11/16/2018,1 kWh,kWh,,,,,,,,,,,,,,,,,,,,,,,,
2716743003 STOP SHOPOP   #090,11/17/2018,1 kWh,kWh,,,,,,,,,,,,,,,,,,,,,,,,
2716743003 STOP SHOPOP   #090,11/18/2018,1 kWh,kWh,,,,,,,,,,,,,,,,,,,,,,,,
2716743003 STOP SHOPOP   #090,11/19/2018,1 kWh,kWh,,,,,,,,,,,,,,,,,,,,,,,,
2716743003 STOP SHOPOP   #090,11/20/2018,1 kWh,kWh,,,,,,,,,,,,,,,,,,,,,,,,
2716743003 STOP SHOPOP   #090,11/21/2018,1 kWh,kWh,,,,,,,,,,,,,,,,,,,,,,,,
2716743003 STOP SHOPOP   #090,11/22/2018,1 kWh,kWh,,,,,,,,,,,,,,,,,,,,,,,,
2716743003 STOP SHOPOP   #090,11/23/2018,1 kWh,kWh,,,,,,,,,,,,,,,,,,,,,,,,
2716743003 STOP SHOPOP   #090,11/24/2018,1 kWh,kWh,,,,,,,,,,,,,,,,,,,,,,,,
2716743003 STOP SHOPOP   #090,11/25/2018,1 kWh,kWh,,,,,,,,,,,,,,,,,,,,,,,,
2716743003 STOP SHOPOP   #090,11/26/2018,1 kWh,kWh,,,,,,,,,,,,,,,,,,,,,,,,
2716743003 STOP SHOPOP   #090,11/27/2018,1 kWh,kWh,,,,,,,,,,,,,,,,,,,,,,,,
2716743003 STOP SHOPOP   #090,11/28/2018,1 kWh,kWh,,,,,,,,,,,,,,,,,,,,,,,,
2716743003 STOP SHOPOP   #090,11/29/2018,1 kWh,kWh,,,,,,,,,,,,,,,,,,,,,,,,
2716743003 STOP SHOPOP   #090,11/30/2018,1 kWh,kWh,,,,,,,,,,,,,,,,,,,,,,,,
2716743003 STOP SHOPOP   #090,12/1/2018,1 kWh,kWh,,,,,,,,,,,,,,,,,,,,,,,,
2716743003 STOP SHOPOP   #090,12/2/2018,1 kWh,kWh,,,,,,,,,,,,,,,,,,,,,,,,
2716743003 STOP SHOPOP   #090,12/3/2018,1 kWh,kWh,,,,,,,,,,,,,,,,,,,,,,,,
2716743003 STOP SHOPOP   #090,12/4/2018,1 kWh,kWh,,,,,,,,,,,,,,,,,,,,,,,,
2716743003 STOP SHOPOP   #090,12/5/2018,1 kWh,kWh,,,,,,,,,,,,,,,,,,,,,,,,
2716743003 STOP SHOPOP   #090,12/6/2018,1 kWh,kWh,,,,,,,,,,,,,,,,,,,,,,,,
2716743003 STOP SHOPOP   #090,12/7/2018,1 kWh,kWh,,,,,,,,,,,,,,,,,,,,,,,,
2716743003 STOP SHOPOP   #090,12/8/2018,1 kWh,kWh,,,,,,,,,,,,,,,,,,,,,,,,
2716743003 STOP SHOPOP   #090,12/9/2018,1 kWh,kWh,,,,,,,,,,,,,,,,,,,,,,,,
2716743003 STOP SHOPOP   #090,12/10/2018,1 kWh,kWh,,,,,,,,,,,,,,,,,,,,,,,,
2716743003 STOP SHOPOP   #090,12/11/2018,1 kWh,kWh,,,,,,,,,,,,,,,,,,,,,,,,
2716743003 STOP SHOPOP   #090,12/12/2018,1 kWh,kWh,,,,,,,,,,,,,,,,,,,,,,,,
2716743003 STOP SHOPOP   #090,12/13/2018,1 kWh,kWh,,,,,,,,,,,,,,,,,,,,,,,,
2716743003 STOP SHOPOP   #090,12/14/2018,1 kWh,kWh,,,,,,,,,,,,,,,,,,,,,,,,
2716743003 STOP SHOPOP   #090,12/15/2018,1 kWh,kWh,,,,,,,,,,,,,,,,,,,,,,,,
2716743003 STOP SHOPOP   #090,12/16/2018,1 kWh,kWh,,,,,,,,,,,,,,,,,,,,,,,,
2716743003 STOP SHOPOP   #090,12/17/2018,1 kWh,kWh,,,,,,,,,,,,,,,,,,,,,,,,
2716743003 STOP SHOPOP   #090,12/18/2018,1 kWh,kWh,,,,,,,,,,,,,,,,,,,,,,,,
2716743003 STOP SHOPOP   #090,12/19/2018,1 kWh,kWh,,,,,,,,,,,,,,,,,,,,,,,,
2716743003 STOP SHOPOP   #090,12/20/2018,1 kWh,kWh,,,,,,,,,,,,,,,,,,,,,,,,
2716743003 STOP SHOPOP   #090,12/21/2018,1 kWh,kWh,,,,,,,,,,,,,,,,,,,,,,,,
2716743003 STOP SHOPOP   #090,12/22/2018,1 kWh,kWh,,,,,,,,,,,,,,,,,,,,,,,,
2716743003 STOP SHOPOP   #090,12/23/2018,1 kWh,kWh,,,,,,,,,,,,,,,,,,,,,,,,
2716743003 STOP SHOPOP   #090,12/24/2018,1 kWh,kWh,,,,,,,,,,,,,,,,,,,,,,,,
2716743003 STOP SHOPOP   #090,12/25/2018,1 kWh,kWh,,,,,,,,,,,,,,,,,,,,,,,,
2716743003 STOP SHOPOP   #090,12/26/2018,1 kWh,kWh,,,,,,,,,,,,,,,,,,,,,,,,
2716743003 STOP SHOPOP   #090,12/27/2018,1 kWh,kWh,,,,,,,,,,,,,,,,,,,,,,,,
2716743003 STOP SHOPOP   #090,12/28/2018,1 kWh,kWh,,,,,,,,,,,,,,,,,,,,,,,,
2716743003 STOP SHOPOP   #090,12/29/2018,1 kWh,kWh,,,,,,,,,,,,,,,,,,,,,,,,
2716743003 STOP SHOPOP   #090,12/30/2018,1 kWh,kWh,,,,,,,,,,,,,,,,,,,,,,,,
2716743003 STOP SHOPOP   #090,12/31/2018,1 kWh,kWh,,,,,,,,,,,,,,,,,,,,,,,,
2716743003 STOP SHOPOP   #090,1/1/2019,1 kWh,kWh,,,,,,,,,,,,,,,,,,,,,,,,
2716743003 STOP SHOPOP   #090,1/2/2019,1 kWh,kWh,,,,,,,,,,,,,,,,,,,,,,,,
2716743003 STOP SHOPOP   #090,1/3/2019,1 kWh,kWh,,,,,,,,,,,,,,,,,,,,,,,,
2716743003 STOP SHOPOP   #090,1/4/2019,1 kWh,kWh,,,,,,,,,,,,,,,,,,,,,,,,
2716743003 STOP SHOPOP   #090,1/5/2019,1 kWh,kWh,,,,,,,,,,,,,,,,,,,,,,,,
2716743003 STOP SHOPOP   #090,1/6/2019,1 kWh,kWh,,,,,,,,,,,,,,,,,,,,,,,,
2716743003 STOP SHOPOP   #090,1/7/2019,1 kWh,kWh,,,,,,,,,,,,,,,,,,,,,,,,
2716743003 STOP SHOPOP   #090,1/8/2019,1 kWh,kWh,,,,,,,,,,,,,,,,,,,,,,,,
2716743003 STOP SHOPOP   #090,1/9/2019,1 kWh,kWh,,,,,,,,,,,,,,,,,,,,,,,,
2716743003 STOP SHOPOP   #090,1/10/2019,1 kWh,kWh,,,,,,,,,,,,,,,,,,,,,,,,
2716743003 STOP SHOPOP   #090,1/11/2019,1 kWh,kWh,,,,,,,,,,,,,,,,,,,,,,,,
2716743003 STOP SHOPOP   #090,1/12/2019,1 kWh,kWh,,,,,,,,,,,,,,,,,,,,,,,,
2716743003 STOP SHOPOP   #090,1/13/2019,1 kWh,kWh,,,,,,,,,,,,,,,,,,,,,,,,
2716743003 STOP SHOPOP   #090,1/14/2019,1 kWh,kWh,,,,,,,,,,,,,,,,,,,,,,,,
2716743003 STOP SHOPOP   #090,1/15/2019,1 kWh,kWh,,,,,,,,,,,137.16,138.78,147.0,147.54,144.6,150.54,147.36,140.94,141.36,139.98,139.32,133.98,130.5,133.2
2716743003 STOP SHOPOP   #090,1/16/2019,1 kWh,kWh,130.92,132.48,141.72,138.78,132.9,138.18,137.7,145.86,146.46,145.44,147.18,145.32,149.28,152.28,154.68,151.56,151.68,149.04,142.8,143.04,142.26,134.94,131.4,132.96
2716743003 STOP SHOPOP   #090,1/17/2019,1 kWh,kWh,137.4,132.78,141.36,140.7,133.92,137.88,142.68,145.02,147.9,143.76,143.1,142.98,147.84,145.08,145.26,145.62,146.1,146.88,145.62,140.7,143.58,137.58,127.92,130.86
2716743003 STOP SHOPOP   #090,1/18/2019,1 kWh,kWh,133.2,131.7,143.94,142.8,140.04,145.62,143.7,146.94,149.34,150.78,147.42,152.64,156.06,154.14,159.78,155.94,154.32,151.8,146.76,145.38,146.64,142.02,135.18,136.98
2716743003 STOP SHOPOP   #090,1/19/2019,1 kWh,kWh,138.36,136.14,144.0,142.56,136.62,142.98,144.48,142.26,148.2,147.48,150.06,151.98,153.06,153.24,155.4,155.1,151.26,146.94,148.74,147.54,145.8,143.52,138.06,138.6
2716743003 STOP SHOPOP   #090,1/20/2019,1 kWh,kWh,140.22,138.84,151.32,146.46,141.66,150.66,156.36,154.14,160.14,160.68,165.24,169.02,170.76,163.2,163.86,155.16,153.36,150.48,145.92,141.3,143.76,139.74,133.74,133.26
2716743003 STOP SHOPOP   #090,1/21/2019,1 kWh,kWh,134.22,130.68,141.54,133.5,135.6,135.36,142.98,143.1,141.96,140.7,133.08,139.38,142.8,139.38,143.88,140.94,140.04,140.52,139.62,132.3,136.62,127.38,125.16,124.38
2716743003 STOP SHOPOP   #090,1/22/2019,1 kWh,kWh,128.88,131.22,139.2,137.34,131.7,132.6,142.38,141.12,143.34,142.98,139.74,139.62,146.16,141.84,147.0,144.48,144.6,143.34,142.86,137.58,138.06,135.24,128.88,129.9
2716743003 STOP SHOPOP   #090,1/23/2019,1 kWh,kWh,134.04,130.92,142.8,139.98,134.88,138.0,137.52,143.88,144.54,148.2,147.36,147.96,153.54,149.04,154.2,155.04,152.34,152.22,148.26,144.96,147.54,144.78,139.38,141.42
2716743003 STOP SHOPOP   #090,1/24/2019,1 kWh,kWh,144.72,141.36,148.14,148.26,143.58,147.84,145.38,151.68,156.24,155.7,154.98,155.28,161.34,160.26,158.1,160.68,157.74,159.72,161.94,158.58,152.4,143.04,134.16,137.94
2716743003 STOP SHOPOP   #090,1/25/2019,1 kWh,kWh,138.42,136.68,144.78,140.52,139.44,139.02,141.48,143.22,144.42,138.54,140.16,145.08,147.06,145.5,146.7,147.9,143.76,142.98,143.28,142.56,141.84,134.22,128.52,127.98
2716743003 STOP SHOPOP   #090,1/26/2019,1 kWh,kWh,131.7,131.76,143.22,137.64,135.06,139.86,138.96,144.66,143.7,143.82,141.96,142.98,152.1,144.9,141.78,141.6,138.66,139.2,141.3,137.64,140.04,137.7,128.76,133.56
2716743003 STOP SHOPOP   #090,1/27/2019,1 kWh,kWh,131.88,133.86,146.1,141.48,135.12,138.06,139.44,143.04,140.82,143.04,142.92,143.64,148.32,144.3,147.18,143.28,146.34,145.32,145.44,142.98,142.98,138.66,134.4,135.66
2716743003 STOP SHOPOP   #090,1/28/2019,1 kWh,kWh,138.72,134.76,140.1,139.2,132.48,144.48,143.58,142.92,141.84,139.14,136.74,141.42,145.08,137.88,140.7,140.76,137.76,142.86,142.44,143.22,142.14,136.26,131.88,132.84
2716743003 STOP SHOPOP   #090,1/29/2019,1 kWh,kWh,134.46,133.08,141.96,140.52,132.84,136.8,141.24,141.9,142.26,142.62,138.54,141.6,144.42,145.02,144.54,142.26,141.24,143.88,142.8,142.38,142.86,138.6,135.0,135.18
2716743003 STOP SHOPOP   #090,1/30/2019,1 kWh,kWh,136.86,136.86,142.8,145.86,139.44,141.48,139.8,140.34,139.86,139.02,137.82,139.02,145.8,139.26,142.92,140.82,142.38,141.24,142.62,145.68,139.8,133.98,129.72,128.28
2716743003 STOP SHOPOP   #090,1/31/2019,1 kWh,kWh,131.22,131.82,140.88,136.32,130.56,133.92,140.46,135.9,141.18,136.5,133.98,136.74,138.3,138.48,140.28,141.42,141.48,136.74,140.64,136.92,138.42,135.48,128.76,129.36
2716743003 STOP SHOPOP   #090,2/1/2019,1 kWh,kWh,136.08,133.14,142.5,136.5,133.2,134.64,137.76,133.8,134.04,138.9,134.58,136.44,139.74,135.36,139.56,139.62,139.62,139.8,139.26,136.98,142.56,137.46,129.24,133.32
2716743003 STOP SHOPOP   #090,2/2/2019,1 kWh,kWh,134.94,131.94,143.1,137.16,134.22,138.42,133.92,136.98,134.82,140.88,138.36,139.74,141.06,138.48,147.12,144.84,142.5,149.52,144.6,143.52,145.2,138.36,136.02,137.04
2716743003 STOP SHOPOP   #090,2/3/2019,1 kWh,kWh,139.74,136.32,144.36,142.74,140.1,141.48,140.28,139.44,139.26,144.0,139.74,144.78,149.82,143.88,149.22,144.42,145.98,147.54,145.98,142.2,145.56,139.5,132.84,135.3
2716743003 STOP SHOPOP   #090,2/4/2019,1 kWh,kWh,140.46,138.78,147.3,142.32,140.04,144.0,141.54,142.5,144.12,146.04,145.32,150.78,151.44,146.46,147.48,149.7,151.56,154.32,151.44,145.62,148.02,141.24,135.42,138.18
2716743003 STOP SHOPOP   #090,2/5/2019,1 kWh,kWh,140.88,143.34,147.78,147.96,140.1,144.66,145.62,144.42,144.18,147.6,148.62,152.76,151.56,146.82,152.58,146.4,150.9,153.3,148.68,145.56,148.86,141.54,136.74,135.42
2716743003 STOP SHOPOP   #090,2/6/2019,1 kWh,kWh,137.04,137.16,143.52,141.06,137.04,140.22,141.06,142.08,142.38,144.36,143.1,144.06,148.44,141.78,145.26,144.12,144.9,144.18,143.52,141.72,146.22,140.58,133.8,137.52
2716743003 STOP SHOPOP   #090,2/7/2019,1 kWh,kWh,138.36,140.34,146.76,144.36,141.24,141.9,143.34,143.46,143.22,143.64,143.34,142.92,150.3,142.92,148.08,145.92,146.58,145.2,146.46,144.72,147.18,141.72,134.7,134.28
2716743003 STOP SHOPOP   #090,2/8/2019,1 kWh,kWh,138.06,141.3,150.42,145.5,141.72,145.2,142.44,143.22,136.02,122.04,156.96,148.86,151.74,146.7,152.04,150.54,150.9,149.34,147.78,144.3,146.64,137.04,132.6,133.08
2716743003 STOP SHOPOP   #090,2/9/2019,1 kWh,kWh,135.36,132.48,140.46,135.78,133.32,134.4,140.82,138.78,136.02,136.08,134.4,133.68,137.04,132.3,137.94,138.78,137.16,138.18,140.1,138.6,138.36,136.62,129.6,130.56
2716743003 STOP SHOPOP   #090,2/10/2019,1 kWh,kWh,133.8,132.66,140.7,137.4,131.82,134.52,138.96,137.7,136.98,135.96,134.58,138.84,140.22,135.48,137.52,137.34,135.78,138.84,139.56,141.48,139.2,137.34,130.08,132.12
2716743003 STOP SHOPOP   #090,2/11/2019,1 kWh,kWh,137.1,135.06,141.42,141.06,133.44,136.44,138.24,138.24,139.98,138.0,135.12,135.36,138.3,135.24,137.64,140.46,139.14,140.4,140.7,139.5,139.74,137.4,131.04,130.38
2716743003 STOP SHOPOP   #090,2/12/2019,1 kWh,kWh,133.2,131.88,141.42,137.58,133.74,135.48,142.38,141.66,141.18,141.0,137.82,141.18,145.98,141.72,146.88,144.24,145.5,147.0,145.02,144.06,145.08,139.98,135.84,138.96
2716743003 STOP SHOPOP   #090,2/13/2019,1 kWh,kWh,141.48,144.84,147.54,148.14,144.78,146.34,148.26,152.76,148.98,148.44,147.48,146.64,147.18,145.14,142.86,142.92,141.72,142.32,141.06,141.96,139.62,132.36,128.04,131.46
2716743003 STOP SHOPOP   #090,2/14/2019,1 kWh,kWh,134.16,135.6,139.2,136.38,132.06,135.72,135.66,139.38,139.08,140.88,140.58,138.42,142.02,138.12,139.5,142.44,139.08,145.8,143.58,140.4,143.88,142.62,132.78,134.52
2716743003 STOP SHOPOP   #090,2/15/2019,1 kWh,kWh,134.52,134.52,139.56,136.08,137.1,146.34,149.22,148.56,147.54,151.8,146.58,146.88,149.88,145.5,153.48,151.44,153.96,152.22,151.5,148.86,151.38,142.92,138.42,139.32
2716743003 STOP SHOPOP   #090,2/16/2019,1 kWh,kWh,140.94,145.44,149.4,145.08,139.62,141.24,145.98,145.02,144.12,144.6,140.46,140.7,142.92,141.48,144.9,144.12,140.7,144.54,144.9,142.68,143.64,137.22,129.96,133.2
2716743003 STOP SHOPOP   #090,2/17/2019,1 kWh,kWh,134.16,138.24,141.72,138.78,133.2,136.38,140.34,139.02,140.46,139.44,134.34,141.6,140.46,137.16,140.1,140.58,138.54,141.3,139.5,136.98,139.14,136.26,128.34,131.64
2716743003 STOP SHOPOP   #090,2/18/2019,1 kWh,kWh,133.68,133.08,135.66,139.02,135.96,142.62,143.4,146.1,145.2,145.56,142.86,149.58,146.46,145.68,148.02,146.82,147.0,144.72,143.16,139.14,138.0,134.76,129.06,129.9
2716743003 STOP SHOPOP   #090,2/19/2019,1 kWh,kWh,132.06,130.02,132.9,131.16,129.72,137.88,141.84,138.18,139.98,139.5,134.58,138.42,141.36,139.74,143.22,139.38,141.66,140.88,139.68,138.18,137.34,133.68,130.38,128.82
2716743003 STOP SHOPOP   #090,2/20/2019,1 kWh,kWh,133.56,129.36,134.22,132.18,130.38,139.98,137.64,136.74,138.6,141.36,135.3,139.38,142.2,142.26,146.22,142.2,143.58,144.3,140.46,137.52,136.98,131.88,128.88,134.88
2716743003 STOP SHOPOP   #090,2/21/2019,1 kWh,kWh,138.36,133.68,145.08,142.02,134.16,145.56,141.3,146.64,144.36,146.28,145.08,148.74,151.2,144.66,145.2,148.44,145.32,148.74,146.52,142.86,146.46,136.32,129.9,131.28
2716743003 STOP SHOPOP   #090,2/22/2019,1 kWh,kWh,136.32,133.26,138.0,136.68,133.74,143.22,145.2,143.94,142.86,140.46,137.52,136.92,144.6,138.18,144.84,143.34,145.26,144.12,143.58,143.7,142.8,135.6,128.58,131.94
2716743003 STOP SHOPOP   #090,2/23/2019,1 kWh,kWh,132.24,135.96,142.02,143.46,137.28,139.14,137.94,139.2,141.78,144.48,139.98,143.88,149.1,144.54,146.04,144.36,143.16,146.82,143.82,141.48,141.96,136.92,131.46,133.32
2716743003 STOP SHOPOP   #090,2/24/2019,1 kWh,kWh,133.14,137.4,142.26,142.44,135.9,141.24,145.92,147.36,146.76,149.22,145.44,151.74,152.22,148.2,153.9,149.76,154.26,150.06,148.44,146.82,147.42,142.5,136.14,134.34
2716743003 STOP SHOPOP   #090,2/25/2019,1 kWh,kWh,136.74,138.3,141.84,138.0,134.82,137.88,135.54,141.06,138.36,138.96,135.48,139.92,140.28,132.66,138.84,136.26,136.86,137.52,136.32,135.0,136.86,129.96,125.7,127.8
2716743003 STOP SHOPOP   #090,2/26/2019,1 kWh,kWh,131.1,135.18,140.04,138.12,129.24,136.38,134.28,136.8,137.7,137.1,135.6,139.86,141.18,135.0,138.48,137.34,135.3,135.12,135.6,134.82,136.2,133.5,127.86,127.92
2716743003 STOP SHOPOP   #090,2/27/2019,1 kWh,kWh,131.58,129.18,134.34,131.58,127.44,135.36,139.2,139.14,138.3,134.64,133.44,133.62,137.76,135.12,139.26,139.08,137.82,138.66,140.34,136.32,136.08,131.88,127.08,129.24
2716743003 STOP SHOPOP   #090,2/28/2019,1 kWh,kWh,131.52,134.22,137.46,137.34,131.22,133.62,137.46,134.34,135.42,132.72,138.24,137.52,139.32,136.56,138.12,140.64,139.38,139.2,139.5,136.26,141.78,128.16,125.04,126.9
2716743003 STOP SHOPOP   #090,3/1/2019,1 kWh,kWh,129.9,136.74,138.0,136.56,131.94,133.86,138.84,136.62,135.12,137.34,139.2,142.5,143.4,138.48,141.18,140.64,139.38,143.04,140.04,142.26,142.2,135.0,128.76,132.96
2716743003 STOP SHOPOP   #090,3/2/2019,1 kWh,kWh,133.74,136.92,144.54,143.34,135.54,155.22,138.42,139.2,143.7,143.16,142.56,157.38,149.28,159.06,160.62,143.76,142.74,144.3,143.88,140.82,141.48,136.5,131.1,135.48
2716743003 STOP SHOPOP   #090,3/3/2019,1 kWh,kWh,134.4,139.92,143.52,138.84,133.98,141.66,134.4,142.2,142.2,145.8,140.4,143.88,145.68,142.56,146.16,144.18,146.1,145.62,144.42,142.14,145.08,140.58,136.56,135.18
2716743003 STOP SHOPOP   #090,3/4/2019,1 kWh,kWh,135.36,134.94,141.6,139.62,137.94,144.78,142.5,137.7,141.12,140.4,140.94,139.44,142.98,142.62,144.9,141.24,146.76,143.7,144.0,141.06,140.82,139.68,131.22,128.94
2716743003 STOP SHOPOP   #090,3/5/2019,1 kWh,kWh,129.72,133.26,137.1,134.46,129.3,132.06,133.14,132.3,133.74,134.76,134.04,136.38,138.3,132.42,142.32,139.8,141.42,136.44,140.1,136.68,135.66,129.0,125.82,127.68
2716743003 STOP SHOPOP   #090,3/6/2019,1 kWh,kWh,128.82,130.5,134.82,130.38,128.94,130.86,130.8,129.96,131.88,134.58,130.68,128.28,138.96,130.92,137.58,134.82,134.64,134.88,136.32,131.64,134.1,130.86,124.14,127.08
2716743003 STOP SHOPOP   #090,3/7/2019,1 kWh,kWh,128.64,133.32,137.94,133.56,130.14,130.26,135.84,132.36,129.9,128.76,127.26,128.04,136.38,129.6,135.66,134.4,133.98,133.62,141.66,136.5,138.72,131.94,125.22,124.62
2716743003 STOP SHOPOP   #090,3/8/2019,1 kWh,kWh,128.52,131.76,136.74,135.9,129.48,132.06,132.36,132.06,132.36,136.02,136.32,137.4,138.48,135.12,137.04,139.74,140.28,140.7,137.4,138.3,138.54,135.0,127.38,131.52
2716743003 STOP SHOPOP   #090,3/9/2019,1 kWh,kWh,131.16,135.78,139.44,139.56,133.44,135.6,135.12,133.92,135.6,136.56,136.86,135.96,142.02,137.16,144.12,142.5,144.96,141.36,140.46,138.66,137.82,133.92,127.62,129.96
2716743003 STOP SHOPOP   #090,3/10/2019,1 kWh,kWh,128.94,126.6,,132.3,130.02,139.02,139.74,139.38,135.24,141.0,139.08,144.42,151.62,145.68,150.24,149.16,149.4,146.4,148.8,145.74,147.12,142.68,137.7,135.9
2716743003 STOP SHOPOP   #090,3/11/2019,1 kWh,kWh,137.76,137.52,145.92,140.4,134.04,141.24,139.38,140.04,142.32,143.88,145.62,143.4,149.22,142.08,145.5,145.14,142.08,146.04,145.98,144.66,144.06,139.08,131.4,133.08
2716743003 STOP SHOPOP   #090,3/12/2019,1 kWh,kWh,133.08,130.98,142.14,136.8,131.4,136.86,134.58,131.76,136.02,134.52,133.8,137.22,141.18,134.46,138.96,136.62,136.62,139.68,136.8,140.46,140.4,131.76,128.28,128.22
2716743003 STOP SHOPOP   #090,3/13/2019,1 kWh,kWh,130.98,127.02,140.82,134.1,130.5,134.22,133.8,135.36,135.72,138.6,138.84,139.08,140.1,139.2,142.2,142.38,142.38,143.94,142.98,140.64,139.68,133.74,129.54,131.34
2716743003 STOP SHOPOP   #090,3/14/2019,1 kWh,kWh,131.94,135.54,142.26,140.22,136.62,139.2,139.14,136.98,144.84,148.38,140.76,143.4,148.32,140.34,148.14,145.62,147.36,148.62,147.66,143.34,148.98,141.18,133.98,133.44
2716743003 STOP SHOPOP   #090,3/15/2019,1 kWh,kWh,136.26,134.88,144.3,139.98,138.6,142.08,145.26,146.04,151.08,150.12,145.44,149.4,155.94,150.18,159.54,160.14,165.3,160.8,150.66,149.28,153.42,150.96,146.88,146.82
2716743003 STOP SHOPOP   #090,3/16/2019,1 kWh,kWh,143.22,138.0,144.42,141.06,136.62,144.66,151.14,140.34,141.78,140.16,142.14,144.0,148.02,144.72,145.38,146.7,143.88,147.72,143.82,142.56,141.66,136.32,129.78,129.06
2716743003 STOP SHOPOP   #090,3/17/2019,1 kWh,kWh,133.8,133.08,139.86,137.82,131.88,135.36,135.84,133.56,132.6,135.06,134.82,136.5,138.9,136.08,138.12,137.1,140.4,136.92,140.94,140.46,138.0,133.44,128.1,127.14
2716743003 STOP SHOPOP   #090,3/18/2019,1 kWh,kWh,129.78,127.08,133.02,130.92,127.08,138.84,136.56,133.32,132.6,138.12,135.42,138.6,142.08,139.86,139.2,139.32,137.76,136.86,139.74,138.72,138.24,134.94,129.06,129.72
2716743003 STOP SHOPOP   #090,3/19/2019,1 kWh,kWh,131.16,130.56,136.38,135.48,134.52,140.88,142.08,140.4,139.2,135.24,137.04,139.74,142.8,135.72,140.76,139.26,142.2,142.92,145.38,141.54,141.84,135.54,129.66,133.26
2716743003 STOP SHOPOP   #090,3/20/2019,1 kWh,kWh,133.2,131.64,138.66,135.66,132.42,141.78,137.64,135.6,139.8,139.5,140.28,139.62,142.74,138.72,142.98,139.14,142.2,144.6,144.96,144.3,146.22,136.92,128.82,130.56
2716743003 STOP SHOPOP   #090,3/21/2019,1 kWh,kWh,133.32,129.3,137.7,142.86,138.48,138.24,142.26,140.82,142.02,145.02,142.74,145.38,147.36,144.78,146.76,143.46,141.66,143.88,145.74,142.98,148.32,139.02,133.74,136.38
2716743003 STOP SHOPOP   #090,3/22/2019,1 kWh,kWh,139.32,141.36,144.48,143.04,140.46,142.2,145.56,142.62,142.26,146.16,141.24,144.0,146.34,141.06,144.9,143.16,143.46,145.92,143.94,145.5,147.0,141.36,135.3,134.88
2716743003 STOP SHOPOP   #090,3/23/2019,1 kWh,kWh,138.3,139.68,142.38,141.0,137.16,138.36,138.42,137.52,137.94,140.22,137.64,140.58,144.6,140.7,143.4,142.92,140.1,142.2,139.38,138.78,142.56,134.64,127.92,131.34
2716743003 STOP SHOPOP   #090,3/24/2019,1 kWh,kWh,133.62,133.02,137.82,136.44,131.28,135.42,134.82,134.28,136.68,135.0,137.4,138.24,145.86,140.34,146.04,144.18,143.46,147.06,147.24,141.36,141.48,139.86,133.2,135.36
2716743003 STOP SHOPOP   #090,3/25/2019,1 kWh,kWh,137.16,134.46,147.18,140.82,139.44,141.96,141.06,141.9,143.58,141.42,141.6,145.26,143.04,144.78,144.84,142.92,142.98,145.62,143.94,142.44,144.48,139.32,132.96,132.78
2716743003 STOP SHOPOP   #090,3/26/2019,1 kWh,kWh,135.06,136.74,142.44,138.9,135.06,138.18,140.1,135.72,136.98,137.58,136.5,137.94,142.86,137.64,139.02,137.28,139.08,140.04,138.18,139.38,138.72,129.42,122.04,123.84
2716743003 STOP SHOPOP   #090,3/27/2019,1 kWh,kWh,125.46,125.22,135.3,131.28,127.08,129.18,131.64,132.72,140.28,138.66,133.56,142.8,143.94,137.76,149.28,140.88,144.6,145.92,142.2,137.34,136.44,131.94,125.76,125.76
2716743003 STOP SHOPOP   #090,3/28/2019,1 kWh,kWh,130.5,129.9,135.72,134.22,128.88,131.64,131.82,132.18,134.22,137.94,137.52,142.56,143.04,141.24,144.54,141.48,143.82,143.64,145.92,140.28,145.26,136.92,128.82,132.3
2716743003 STOP SHOPOP   #090,3/29/2019,1 kWh,kWh,135.36,135.9,141.9,139.38,132.96,139.26,139.32,140.34,141.66,140.7,144.54,145.26,148.62,145.2,146.22,149.76,147.9,149.34,149.28,146.58,147.06,142.2,133.44,135.96
2716743003 STOP SHOPOP   #090,3/30/2019,1 kWh,kWh,136.68,138.66,144.36,140.7,135.72,138.48,141.06,140.58,150.06,152.28,145.5,146.46,150.84,151.98,157.08,156.72,149.28,144.78,149.76,141.72,145.92,141.3,131.1,133.14
2716743003 STOP SHOPOP   #090,3/31/2019,1 kWh,kWh,135.24,132.54,151.62,148.26,140.88,147.78,153.6,146.64,149.16,154.92,163.14,160.5,164.94,165.72,161.04,157.5,157.08,159.48,158.58,153.06,152.7,148.38,138.3,131.7
2716743003 STOP SHOPOP   #090,4/1/2019,1 kWh,kWh,132.18,131.7,138.6,135.24,129.72,133.02,133.86,143.82,142.44,140.82,142.74,144.12,138.06,139.32,142.86,146.52,142.32,142.86,136.32,131.88,136.5,132.18,122.58,125.46
2716743003 STOP SHOPOP   #090,4/2/2019,1 kWh,kWh,129.18,128.52,136.74,128.76,127.14,129.0,140.1,140.4,141.24,142.68,146.1,143.76,147.12,140.58,149.4,146.82,144.72,148.68,150.24,142.56,143.22,134.88,130.02,132.54
2716743003 STOP SHOPOP   #090,4/3/2019,1 kWh,kWh,133.32,134.94,142.8,140.28,135.84,137.1,143.22,150.54,148.74,144.18,143.04,144.06,146.16,151.56,151.62,147.0,141.48,151.08,152.46,143.94,144.48,138.9,131.34,129.84
2716743003 STOP SHOPOP   #090,4/4/2019,1 kWh,kWh,131.76,122.7,131.94,130.32,126.0,139.38,138.66,141.54,135.24,137.82,135.54,141.84,140.58,142.92,142.32,138.6,145.44,144.24,143.28,141.6,140.46,132.48,123.66,123.6
2716743003 STOP SHOPOP   #090,4/5/2019,1 kWh,kWh,128.28,127.44,134.22,131.76,124.68,131.04,129.66,132.48,134.34,132.84,129.6,137.64,140.04,137.64,141.42,142.14,138.48,141.18,139.86,142.98,143.64,135.36,128.28,131.94
2716743003 STOP SHOPOP   #090,4/6/2019,1 kWh,kWh,131.28,135.12,142.56,139.92,134.64,137.52,143.7,148.62,145.44,146.82,151.56,154.14,155.76,153.42,154.14,160.2,157.68,158.58,152.4,150.06,148.02,142.5,131.94,134.64
2716743003 STOP SHOPOP   #090,4/7/2019,1 kWh,kWh,137.28,135.36,139.74,139.2,130.74,134.82,138.42,142.74,141.24,139.38,146.76,146.22,145.2,144.84,150.48,149.46,144.3,151.14,146.64,143.34,146.52,138.42,132.42,133.2
2716743003 STOP SHOPOP   #090,4/8/2019,1 kWh,kWh,133.44,130.56,137.46,136.5,130.74,142.92,142.08,142.2,145.86,147.18,145.38,146.64,152.22,152.88,154.8,153.78,154.98,154.02,148.02,146.94,145.44,138.42,133.44,130.5
2716743003 STOP SHOPOP   #090,4/9/2019,1 kWh,kWh,136.86,131.22,139.86,133.74,132.48,134.16,137.94,141.3,145.26,141.96,141.36,144.06,143.04,140.76,144.24,140.94,143.46,145.44,145.14,141.24,141.42,136.26,127.74,130.5
2716743003 STOP SHOPOP   #090,4/10/2019,1 kWh,kWh,128.28,133.32,133.98,136.02,128.7,134.94,134.88,143.64,146.7,144.0,142.32,140.76,139.62,142.08,143.76,142.5,138.48,134.04,137.64,134.1,137.94,128.4,124.92,122.88
2716743003 STOP SHOPOP   #090,4/11/2019,1 kWh,kWh,128.28,125.94,136.74,131.88,128.58,130.02,132.48,128.58,131.82,133.5,131.16,130.62,137.22,127.2,133.02,129.6,130.44,130.2,135.36,134.04,131.88,126.9,125.64,127.5
2716743003 STOP SHOPOP   #090,4/12/2019,1 kWh,kWh,130.08,126.6,134.52,130.02,126.84,126.72,129.72,124.02,129.0,125.28,124.98,124.02,131.4,126.36,134.46,129.84,134.04,134.82,139.38,137.46,135.0,130.8,124.26,130.5
2716743003 STOP SHOPOP   #090,4/13/2019,1 kWh,kWh,131.28,131.52,138.6,141.84,137.7,137.7,136.92,132.66,136.08,133.74,134.46,134.7,141.0,136.26,141.54,137.1,139.14,140.82,146.22,145.5,138.96,134.7,129.96,133.26
2716743003 STOP SHOPOP   #090,4/14/2019,1 kWh,kWh,136.14,132.3,138.84,136.26,128.7,134.94,136.92,131.7,134.28,137.1,138.66,146.04,145.5,142.86,147.48,141.12,139.14,145.02,146.76,141.54,144.66,137.82,134.64,135.36
2716743003 STOP SHOPOP   #090,4/15/2019,1 kWh,kWh,137.88,135.96,143.34,143.46,138.06,146.46,144.24,142.2,143.7,142.2,138.06,142.68,145.38,142.02,140.16,140.4,138.48,140.82,140.22,139.56,136.8,126.66,123.72,122.04
2716743003 STOP SHOPOP   #090,4/16/2019,1 kWh,kWh,126.42,122.4,128.28,125.64,121.02,127.44,128.64,123.9,121.5,124.44,120.54,125.94,125.52,125.16,129.66,129.42,130.08,133.2,134.34,128.64,132.72,124.8,122.88,122.1
2716743003 STOP SHOPOP   #090,4/17/2019,1 kWh,kWh,127.26,121.62,129.36,125.04,122.64,127.38,127.68,121.32,125.52,124.86,122.58,122.4,128.82,126.42,129.96,128.76,129.12,133.26,135.6,134.4,132.18,128.34,122.16,125.52
2716743003 STOP SHOPOP   #090,4/18/2019,1 kWh,kWh,126.66,125.58,128.88,129.3,125.22,127.8,129.0,122.4,132.78,131.16,128.7,128.22,133.44,128.7,133.38,135.48,134.04,137.64,139.2,138.3,139.2,131.16,132.78,131.28
2716743003 STOP SHOPOP   #090,4/19/2019,1 kWh,kWh,136.98,132.18,139.86,135.96,135.3,136.98,142.8,138.54,142.44,142.02,142.44,144.06,147.3,147.06,149.52,146.22,149.82,148.26,151.26,148.08,145.02,139.74,135.18,137.64
2716743003 STOP SHOPOP   #090,4/20/2019,1 kWh,kWh,138.96,137.16,140.4,141.84,136.92,143.16,143.28,141.9,142.44,145.08,142.26,148.38,147.72,144.24,151.32,146.16,149.16,148.74,148.02,149.22,147.48,143.88,137.34,140.58
2716743003 STOP SHOPOP   #090,4/21/2019,1 kWh,kWh,142.56,140.88,145.5,144.36,138.9,141.24,140.64,138.96,142.2,139.68,140.28,140.22,144.6,137.28,141.18,135.54,138.96,134.82,142.86,134.22,137.58,130.98,129.48,129.06
2716743003 STOP SHOPOP   #090,4/22/2019,1 kWh,kWh,134.76,130.92,138.06,138.18,132.18,133.98,135.3,137.46,147.78,154.38,151.98,157.08,156.9,151.92,157.38,154.8,156.06,156.72,152.82,148.5,148.92,144.84,136.44,137.34
2716743003 STOP SHOPOP   #090,4/23/2019,1 kWh,kWh,137.94,137.58,147.9,143.7,135.6,140.82,142.74,140.34,143.34,146.28,145.32,151.92,148.5,140.28,149.46,144.36,144.12,149.4,144.72,143.28,146.1,138.06,133.26,133.68
2716743003 STOP SHOPOP   #090,4/24/2019,1 kWh,kWh,140.1,138.12,143.52,138.48,133.44,136.44,140.22,142.38,147.54,148.38,147.78,147.12,156.42,155.46,158.88,167.4,161.82,162.36,153.54,146.1,146.76,139.62,134.58,135.72
2716743003 STOP SHOPOP   #090,4/25/2019,1 kWh,kWh,135.9,136.2,139.68,139.2,131.46,137.76,138.6,147.96,147.0,150.48,155.52,154.62,159.36,157.56,164.04,150.84,151.02,150.78,145.62,140.64,143.76,136.86,131.34,134.88
2716743003 STOP SHOPOP   #090,4/26/2019,1 kWh,kWh,138.06,141.0,141.18,142.26,133.38,140.82,140.04,150.48,152.52,159.3,145.62,151.92,164.34,157.32,162.48,161.16,163.92,154.8,151.44,150.36,157.2,149.34,147.0,144.54
2716743003 STOP SHOPOP   #090,4/27/2019,1 kWh,kWh,145.38,147.66,152.34,150.96,140.46,141.24,145.02,152.58,148.68,145.38,142.8,151.8,162.54,157.68,167.1,162.72,156.48,149.34,142.68,142.44,145.92,135.72,128.52,130.08
2716743003 STOP SHOPOP   #090,4/28/2019,1 kWh,kWh,129.78,131.4,139.38,137.46,131.58,134.64,139.86,148.92,149.7,144.96,144.42,149.34,151.86,149.1,149.04,150.9,149.82,152.7,146.22,141.36,146.58,138.78,128.76,130.68
2716743003 STOP SHOPOP   #090,4/29/2019,1 kWh,kWh,129.96,129.06,135.66,129.9,123.06,126.78,133.56,143.4,152.88,143.1,140.52,147.0,151.86,145.44,150.0,147.96,140.34,141.06,142.2,138.12,143.34,136.2,129.6,130.44
2716743003 STOP SHOPOP   #090,4/30/2019,1 kWh,kWh,135.12,137.88,139.44,138.66,130.86,134.52,137.04,136.92,138.42,148.26,152.04,144.6,150.72,142.14,151.8,143.22,146.1,147.48,151.86,147.3,146.1,137.04,130.98,130.44
2716743003 STOP SHOPOP   #090,5/1/2019,1 kWh,kWh,134.58,134.94,142.86,136.38,130.62,134.34,136.62,141.78,150.6,146.34,151.14,149.16,146.22,146.64,147.36,148.14,148.32,150.0,148.56,149.64,147.72,143.52,137.16,136.62
2716743003 STOP SHOPOP   #090,5/2/2019,1 kWh,kWh,141.72,139.38,146.76,144.9,138.0,148.8,150.42,150.12,155.76,153.66,152.7,154.26,156.48,149.04,155.82,154.8,151.62,148.86,149.34,145.02,146.76,138.9,132.84,135.9
2716743003 STOP SHOPOP   #090,5/3/2019,1 kWh,kWh,138.72,136.8,136.68,138.54,133.44,143.64,146.34,146.04,142.62,142.08,142.98,150.6,153.36,147.54,156.6,151.86,148.44,152.16,147.6,145.68,148.86,141.84,133.32,133.62
2716743003 STOP SHOPOP   #090,5/4/2019,1 kWh,kWh,136.8,137.46,142.44,140.28,130.62,138.96,142.32,147.48,150.36,153.78,154.08,152.1,158.88,154.08,148.98,150.36,151.74,154.14,155.7,147.9,152.82,140.58,133.02,134.16
2716743003 STOP SHOPOP   #090,5/5/2019,1 kWh,kWh,135.9,133.56,143.52,141.0,132.0,137.88,139.38,139.5,146.16,149.22,146.4,149.52,149.64,144.18,147.48,152.28,145.32,145.8,142.8,141.84,144.0,139.02,133.74,134.82
2716743003 STOP SHOPOP   #090,5/6/2019,1 kWh,kWh,134.04,129.9,133.74,130.86,127.44,139.2,142.32,136.14,139.56,145.44,145.2,142.92,151.92,147.3,147.36,146.64,144.9,147.6,151.44,147.12,144.18,137.16,129.84,131.7
2716743003 STOP SHOPOP   #090,5/7/2019,1 kWh,kWh,130.74,131.88,140.34,135.72,129.18,134.16,136.8,134.22,139.38,146.22,148.08,148.74,151.26,147.48,156.72,146.46,152.64,148.92,145.56,147.36,147.06,135.78,129.54,129.54
2716743003 STOP SHOPOP   #090,5/8/2019,1 kWh,kWh,132.42,133.02,139.68,142.8,131.22,136.2,137.88,144.48,151.8,145.62,146.16,147.3,151.86,146.88,152.28,147.66,149.52,148.8,152.58,143.52,144.54,136.62,126.72,130.86
2716743003 STOP SHOPOP   #090,5/9/2019,1 kWh,kWh,129.78,130.98,135.24,136.68,130.14,134.4,138.0,131.28,135.96,143.46,141.42,140.64,151.92,145.8,156.24,153.06,153.06,148.38,151.56,145.56,147.36,137.52,135.54,136.86
2716743003 STOP SHOPOP   #090,5/10/2019,1 kWh,kWh,141.42,140.1,146.52,145.08,139.98,145.2,146.88,150.24,152.16,148.26,149.16,156.78,155.58,156.9,155.82,155.76,154.86,160.14,163.56,163.02,161.94,157.32,145.8,145.62
2716743003 STOP SHOPOP   #090,5/11/2019,1 kWh,kWh,148.32,148.32,150.9,152.46,150.18,145.56,150.18,147.0,153.66,153.72,155.76,157.8,165.36,161.4,161.94,163.08,160.38,160.98,158.4,153.96,153.42,146.7,138.06,139.74
2716743003 STOP SHOPOP   #090,5/12/2019,1 kWh,kWh,138.24,139.92,150.9,143.82,135.6,143.4,145.86,147.06,151.92,145.86,153.9,151.14,155.76,148.74,153.24,148.26,147.78,150.9,149.46,144.6,147.0,139.62,133.32,136.74
2716743003 STOP SHOPOP   #090,5/13/2019,1 kWh,kWh,137.28,137.46,144.06,142.08,137.4,137.4,144.48,148.62,147.96,145.2,147.54,149.28,152.46,150.96,146.16,149.28,146.4,151.92,152.16,144.9,150.0,141.42,133.44,134.46
2716743003 STOP SHOPOP   #090,5/14/2019,1 kWh,kWh,138.96,138.72,145.5,141.12,138.48,140.46,147.54,150.18,148.86,146.22,146.64,144.84,150.12,144.24,148.5,145.62,148.2,147.0,148.26,146.1,145.62,140.04,129.3,130.74
2716743003 STOP SHOPOP   #090,5/15/2019,1 kWh,kWh,131.28,129.84,140.1,136.26,130.02,135.84,137.34,139.86,141.12,145.86,144.78,148.92,153.66,151.5,157.8,157.02,154.8,149.82,148.92,147.42,144.78,143.64,135.78,134.64
2716743003 STOP SHOPOP   #090,5/16/2019,1 kWh,kWh,139.74,134.82,144.66,143.22,138.96,141.72,145.68,155.34,165.54,159.78,157.2,161.4,168.54,162.12,162.18,160.2,157.98,163.98,159.9,166.2,162.6,159.3,144.72,141.54
2716743003 STOP SHOPOP   #090,5/17/2019,1 kWh,kWh,140.16,133.44,149.7,140.76,139.38,141.72,150.12,159.84,159.96,163.5,155.52,168.6,168.66,170.58,171.66,171.54,165.36,166.32,167.88,162.84,160.2,154.2,143.04,145.92
2716743003 STOP SHOPOP   #090,5/18/2019,1 kWh,kWh,148.02,146.64,151.38,150.48,149.76,150.96,154.74,156.18,154.44,151.74,142.86,159.48,159.24,158.1,159.18,167.7,158.94,161.88,159.36,157.2,158.82,149.7,137.22,135.36
2716743003 STOP SHOPOP   #090,5/19/2019,1 kWh,kWh,139.38,136.14,147.06,143.76,135.72,142.32,142.32,150.24,156.54,152.58,154.92,163.68,160.08,157.08,169.02,165.54,161.28,159.66,162.06,160.02,157.38,154.02,147.06,148.26
2716743003 STOP SHOPOP   #090,5/20/2019,1 kWh,kWh,151.08,144.24,147.48,149.34,147.24,157.02,154.26,156.72,155.82,157.74,155.4,156.36,163.02,159.24,160.74,161.76,165.12,168.54,158.46,162.78,162.54,154.32,145.98,145.98
2716743003 STOP SHOPOP   #090,5/21/2019,1 kWh,kWh,147.24,147.9,158.64,154.08,149.58,150.24,152.16,150.96,150.48,151.62,149.58,150.48,156.78,151.92,155.4,156.3,154.26,157.26,156.84,152.28,151.44,146.64,138.3,139.86
2716743003 STOP SHOPOP   #090,5/22/2019,1 kWh,kWh,140.1,138.18,144.48,145.14,137.52,139.38,140.82,140.7,143.58,139.32,141.6,150.3,148.74,146.22,152.94,156.96,156.0,154.92,155.34,150.06,147.9,146.46,137.1,138.0
2716743003 STOP SHOPOP   #090,5/23/2019,1 kWh,kWh,142.62,137.64,143.46,142.32,138.42,142.62,147.0,147.84,151.2,156.36,150.78,153.0,163.74,158.94,163.56,167.88,168.84,164.34,164.34,162.0,162.42,158.1,149.22,149.28
2716743003 STOP SHOPOP   #090,5/24/2019,1 kWh,kWh,154.02,153.96,159.42,152.82,150.3,152.16,153.12,158.88,169.5,170.82,165.54,171.48,172.5,175.86,170.16,172.26,167.58,167.64,162.18,159.06,155.16,152.1,150.72,151.44
2716743003 STOP SHOPOP   #090,5/25/2019,1 kWh,kWh,151.5,150.36,154.68,148.08,141.12,143.64,152.22,153.48,157.5,162.84,161.82,165.48,173.52,167.4,174.06,173.88,171.72,170.22,167.76,161.28,163.68,158.46,148.32,147.72
2716743003 STOP SHOPOP   #090,5/26/2019,1 kWh,kWh,147.6,145.2,152.28,155.22,152.64,158.16,159.0,159.18,167.52,163.14,165.9,176.58,182.7,177.0,181.86,186.78,179.22,173.58,172.08,170.76,167.94,163.74,153.9,155.46
2716743003 STOP SHOPOP   #090,5/27/2019,1 kWh,kWh,154.32,152.7,159.66,162.0,154.68,154.14,158.16,162.6,166.8,166.32,156.42,164.46,170.52,166.8,175.26,173.76,170.94,171.72,169.02,162.72,159.54,151.26,140.04,148.02
2716743003 STOP SHOPOP   #090,5/28/2019,1 kWh,kWh,151.86,147.12,149.4,152.4,150.78,151.2,154.08,157.74,159.96,157.44,159.12,165.48,169.32,161.22,161.88,160.74,159.12,159.9,161.1,159.78,162.72,160.44,148.38,151.32
2716743003 STOP SHOPOP   #090,5/29/2019,1 kWh,kWh,153.6,155.1,159.96,161.64,153.9,149.7,159.3,162.24,163.74,156.54,159.24,162.9,170.7,163.32,172.14,164.4,165.9,168.6,170.4,162.24,166.44,160.2,149.64,146.52
2716743003 STOP SHOPOP   #090,5/30/2019,1 kWh,kWh,145.86,144.6,146.76,149.28,150.6,161.4,165.06,160.68,166.8,166.62,170.52,173.22,182.22,171.78,176.7,171.84,168.42,174.48,172.56,169.32,169.38,164.22,157.62,156.3
2716743003 STOP SHOPOP   #090,5/31/2019,1 kWh,kWh,159.3,159.96,161.88,163.44,156.54,159.12,164.4,170.46,171.78,173.64,168.48,179.4,190.44,188.76,189.48,181.08,180.06,181.44,179.58,178.5,173.82,164.82,157.98,155.94
2716743003 STOP SHOPOP   #090,6/1/2019,1 kWh,kWh,156.84,154.86,156.66,158.7,151.62,151.26,156.72,155.58,157.92,167.76,172.92,173.64,184.02,184.32,183.06,185.58,182.52,187.5,177.06,170.04,170.22,165.0,155.82,154.68
2716743003 STOP SHOPOP   #090,6/2/2019,1 kWh,kWh,154.92,151.56,158.16,159.84,154.74,155.58,161.16,163.86,166.98,162.72,161.76,168.54,179.28,180.48,186.72,184.8,176.4,179.46,178.32,172.2,176.58,172.62,160.68,161.76
2716743003 STOP SHOPOP   #090,6/3/2019,1 kWh,kWh,163.5,160.26,162.12,157.32,156.72,164.82,165.72,167.04,164.76,170.22,173.76,172.2,180.3,173.34,180.66,182.46,182.4,178.38,174.12,171.06,170.04,162.24,159.18,153.6
2716743003 STOP SHOPOP   #090,6/4/2019,1 kWh,kWh,147.96,149.52,151.92,154.32,150.18,149.04,148.38,152.58,156.24,157.68,159.66,165.24,176.22,170.34,173.82,175.8,175.14,169.5,169.32,165.48,167.88,160.68,153.84,151.68
2716743003 STOP SHOPOP   #090,6/5/2019,1 kWh,kWh,150.42,151.62,158.28,154.62,152.52,155.58,158.7,158.58,165.0,168.24,172.68,183.42,183.42,177.42,181.62,180.84,179.88,181.62,178.44,181.38,179.7,174.06,164.7,165.06
2716743003 STOP SHOPOP   #090,6/6/2019,1 kWh,kWh,163.68,162.0,167.04,166.02,162.96,161.88,170.4,172.74,177.6,184.02,181.38,189.78,183.36,178.98,182.4,176.82,180.9,177.12,181.2,177.48,178.26,169.68,156.3,158.16
2716743003 STOP SHOPOP   #090,6/7/2019,1 kWh,kWh,154.02,152.64,160.62,155.82,152.82,157.26,162.9,160.86,169.14,175.02,179.1,178.68,183.36,179.34,184.86,181.32,175.08,175.56,171.12,176.34,174.84,170.58,158.76,157.08
2716743003 STOP SHOPOP   #090,6/8/2019,1 kWh,kWh,155.88,153.18,154.98,154.86,150.54,156.12,158.28,158.1,169.02,175.26,171.78,178.38,183.42,175.92,179.76,187.56,185.22,182.7,175.38,173.1,173.7,168.54,157.2,154.86
2716743003 STOP SHOPOP   #090,6/9/2019,1 kWh,kWh,155.04,149.4,150.3,151.26,145.38,148.08,153.9,155.76,164.58,173.34,169.38,170.88,166.38,164.34,175.56,163.68,158.7,165.0,162.0,159.42,160.02,156.78,145.44,144.42
2716743003 STOP SHOPOP   #090,6/10/2019,1 kWh,kWh,145.56,142.74,153.18,156.42,152.34,160.5,160.08,160.92,170.82,170.46,175.44,177.9,187.74,184.2,189.0,188.76,185.04,175.68,177.66,182.46,180.84,173.28,162.06,162.72
2716743003 STOP SHOPOP   #090,6/11/2019,1 kWh,kWh,165.3,163.74,165.18,171.24,170.22,170.16,167.7,165.36,176.88,181.74,176.04,178.2,187.38,184.74,190.98,193.44,186.9,183.78,184.74,185.04,184.08,179.4,163.44,163.14
2716743003 STOP SHOPOP   #090,6/12/2019,1 kWh,kWh,160.68,159.12,163.08,162.3,157.2,157.68,153.48,158.52,169.02,179.52,173.04,172.8,181.68,176.88,181.68,188.4,184.68,184.56,174.36,180.06,178.68,161.4,144.18,149.58
2716743003 STOP SHOPOP   #090,6/13/2019,1 kWh,kWh,151.38,150.0,156.12,157.32,149.82,152.34,154.2,157.32,162.18,160.2,161.1,165.48,168.3,171.66,176.4,185.16,183.78,179.94,176.64,175.74,172.68,163.92,151.32,150.9
2716743003 STOP SHOPOP   #090,6/14/2019,1 kWh,kWh,152.28,153.12,159.6,160.02,151.56,156.12,157.86,163.02,172.98,158.76,163.68,171.78,170.94,170.1,175.92,173.1,165.84,169.02,166.56,165.48,165.3,162.12,149.52,149.46
2716743003 STOP SHOPOP   #090,6/15/2019,1 kWh,kWh,149.28,148.44,154.92,156.3,148.98,151.98,153.6,150.12,161.76,169.56,168.54,172.44,174.54,167.94,171.0,182.46,170.82,177.36,165.42,165.66,164.94,165.72,152.28,151.08
2716743003 STOP SHOPOP   #090,6/16/2019,1 kWh,kWh,153.9,153.06,157.68,158.28,153.54,155.46,156.96,159.72,167.94,163.98,170.1,170.4,173.1,170.46,181.38,174.48,170.58,174.54,171.48,169.98,172.26,166.56,152.04,152.88
2716743003 STOP SHOPOP   #090,6/17/2019,1 kWh,kWh,152.58,148.26,154.74,155.22,148.26,161.28,160.02,159.54,167.64,172.5,167.16,165.78,180.78,175.92,173.4,179.82,166.86,172.26,168.12,168.72,169.32,163.32,155.58,156.3
2716743003 STOP SHOPOP   #090,6/18/2019,1 kWh,kWh,152.52,152.64,158.28,164.16,156.24,155.64,156.6,160.44,170.16,173.4,174.12,173.52,177.18,174.9,183.66,177.36,166.62,171.18,166.14,164.34,162.18,158.7,150.42,150.24
2716743003 STOP SHOPOP   #090,6/19/2019,1 kWh,kWh,150.06,149.34,157.74,157.32,149.46,151.5,152.28,161.4,168.0,164.82,165.78,175.92,178.68,178.92,174.3,173.34,173.28,175.08,173.1,170.16,167.34,165.54,153.9,151.2
2716743003 STOP SHOPOP   #090,6/20/2019,1 kWh,kWh,151.26,153.36,157.68,161.04,152.76,157.86,165.24,168.18,175.5,172.08,170.4,179.58,186.42,181.56,183.96,183.48,179.28,174.96,176.34,169.68,176.04,167.52,155.94,156.6
2716743003 STOP SHOPOP   #090,6/21/2019,1 kWh,kWh,157.08,159.06,163.98,162.9,154.98,161.4,167.1,171.06,173.58,177.84,170.64,173.04,180.96,179.7,182.58,184.2,176.16,179.1,171.48,169.62,171.18,170.52,155.52,154.86
2716743003 STOP SHOPOP   #090,6/22/2019,1 kWh,kWh,152.82,153.72,156.96,160.26,153.18,158.22,160.98,170.88,175.92,173.58,180.18,182.76,187.68,190.08,187.32,186.6,178.74,170.28,176.4,174.18,174.0,166.98,153.18,151.2
2716743003 STOP SHOPOP   #090,6/23/2019,1 kWh,kWh,150.24,144.84,156.54,158.82,153.36,157.74,168.3,168.96,178.44,181.5,185.64,193.08,193.86,191.64,201.3,188.94,184.02,190.32,176.4,168.6,174.3,171.42,157.38,155.94
2716743003 STOP SHOPOP   #090,6/24/2019,1 kWh,kWh,157.92,155.82,157.74,158.4,154.8,170.22,169.14,172.5,180.48,186.3,184.98,190.5,201.0,194.28,200.34,200.82,201.54,198.06,195.9,186.48,181.32,182.4,164.34,157.68
2716743003 STOP SHOPOP   #090,6/25/2019,1 kWh,kWh,157.62,154.02,158.88,164.04,157.92,160.62,172.44,171.72,186.0,189.06,184.68,187.5,189.66,186.84,191.52,192.96,195.6,189.78,176.52,184.8,182.64,174.9,167.46,168.12
2716743003 STOP SHOPOP   #090,6/26/2019,1 kWh,kWh,160.56,166.26,167.58,171.66,168.3,172.74,172.56,179.64,184.26,199.38,181.32,193.02,210.42,216.48,211.74,203.16,204.3,202.98,202.26,188.64,187.02,181.92,177.3,166.56
2716743003 STOP SHOPOP   #090,6/27/2019,1 kWh,kWh,169.56,168.06,169.56,169.74,170.28,173.52,183.84,181.14,184.14,183.24,188.64,195.6,205.44,215.34,223.44,224.94,214.02,211.8,195.48,197.22,195.3,188.1,175.56,168.6
2716743003 STOP SHOPOP   #090,6/28/2019,1 kWh,kWh,165.18,166.92,171.9,171.6,168.78,173.64,187.86,187.5,195.42,204.54,215.1,213.84,231.24,229.98,233.76,238.14,226.92,225.42,220.44,207.24,200.64,194.22,186.72,181.56
2716743003 STOP SHOPOP   #090,6/29/2019,1 kWh,kWh,175.02,171.84,176.16,177.54,175.26,178.62,188.16,190.26,207.0,217.38,216.72,220.8,221.76,229.26,231.6,229.14,217.8,215.16,207.48,199.56,199.14,196.2,190.14,189.18
2716743003 STOP SHOPOP   #090,6/30/2019,1 kWh,kWh,185.46,186.36,187.32,184.62,183.78,183.24,191.88,202.38,208.32,206.28,211.86,212.46,226.74,226.8,220.8,218.34,214.5,206.16,204.42,200.88,194.88,184.98,176.16,181.2
2716743003 STOP SHOPOP   #090,7/1/2019,1 kWh,kWh,184.08,175.38,180.66,175.86,170.22,178.26,182.28,185.88,201.18,203.28,216.48,208.8,216.42,210.72,224.34,217.5,211.62,213.06,210.66,201.84,196.14,190.8,184.86,189.0
2716743003 STOP SHOPOP   #090,7/2/2019,1 kWh,kWh,181.62,179.46,177.6,185.76,176.76,185.04,194.4,195.48,189.84,208.14,204.78,207.84,207.42,206.52,218.46,216.72,216.3,213.72,217.38,198.42,195.24,182.7,174.0,182.1
2716743003 STOP SHOPOP   #090,7/3/2019,1 kWh,kWh,172.14,171.9,173.76,168.96,173.16,175.68,186.9,197.94,208.08,210.96,213.06,225.96,226.5,229.02,230.22,231.96,221.04,219.9,216.0,208.5,200.28,184.74,170.76,177.06
2716743003 STOP SHOPOP   #090,7/4/2019,1 kWh,kWh,179.46,167.16,171.66,178.08,166.2,171.78,184.26,182.76,210.54,220.14,211.5,222.06,223.8,223.44,234.0,228.18,216.48,215.22,209.16,198.18,191.52,181.56,184.62,181.32
2716743003 STOP SHOPOP   #090,7/5/2019,1 kWh,kWh,183.0,180.12,180.18,183.42,173.22,177.12,184.2,184.02,209.16,210.72,207.72,211.98,229.2,219.9,220.44,220.38,215.1,213.72,211.32,204.66,196.08,181.08,181.5,183.48
2716743003 STOP SHOPOP   #090,7/6/2019,1 kWh,kWh,174.24,179.82,185.64,189.48,183.18,190.38,197.4,193.62,196.44,215.22,214.2,221.4,222.18,225.24,227.64,224.64,209.82,209.82,205.56,198.72,192.18,192.72,185.28,172.62
2716743003 STOP SHOPOP   #090,7/7/2019,1 kWh,kWh,179.1,171.0,172.2,183.06,171.9,179.64,188.22,181.98,185.22,186.36,180.36,190.14,184.74,194.64,198.18,186.42,196.44,188.04,188.1,181.26,174.3,168.84,163.08,161.7
2716743003 STOP SHOPOP   #090,7/8/2019,1 kWh,kWh,162.54,160.2,158.88,158.52,152.88,165.0,175.14,168.42,173.34,179.28,175.74,191.52,191.88,192.42,190.5,193.26,186.66,192.96,200.1,190.26,185.34,176.58,173.52,176.52
2716743003 STOP SHOPOP   #090,7/9/2019,1 kWh,kWh,176.46,168.42,171.12,164.94,157.68,166.74,175.62,175.2,195.72,192.9,201.18,207.18,208.68,209.04,214.26,213.18,209.88,212.82,207.36,197.7,193.14,186.96,181.14,180.72
2716743003 STOP SHOPOP   #090,7/10/2019,1 kWh,kWh,181.38,177.18,180.3,183.9,173.76,178.92,186.6,187.92,199.44,201.96,205.62,208.86,218.76,214.56,217.02,217.56,210.36,208.32,208.38,203.52,196.68,185.34,175.32,176.52
2716743003 STOP SHOPOP   #090,7/11/2019,1 kWh,kWh,170.52,174.12,176.4,177.12,175.5,174.6,173.34,184.44,187.92,192.54,187.26,193.98,210.0,204.96,209.1,206.58,210.84,205.8,198.9,196.5,192.06,183.54,177.36,174.12
2716743003 STOP SHOPOP   #090,7/12/2019,1 kWh,kWh,173.16,168.42,179.46,181.86,175.62,178.38,182.22,181.32,192.36,190.38,196.74,202.98,210.6,205.86,213.0,208.68,203.16,209.94,207.24,199.56,199.68,188.7,184.44,176.88
2716743003 STOP SHOPOP   #090,7/13/2019,1 kWh,kWh,174.96,169.5,177.06,184.86,178.14,179.1,182.58,183.9,201.12,192.54,199.68,201.6,211.38,208.56,216.96,214.44,205.98,207.66,199.32,198.54,194.1,188.28,180.24,179.58
2716743003 STOP SHOPOP   #090,7/14/2019,1 kWh,kWh,174.0,177.36,181.2,183.96,175.5,180.6,185.76,183.72,199.26,202.8,204.84,210.6,215.16,214.92,219.24,218.64,206.22,214.98,208.38,205.68,203.76,193.44,188.52,182.28
2716743003 STOP SHOPOP   #090,7/15/2019,1 kWh,kWh,183.84,177.78,185.76,184.8,176.4,181.8,186.06,178.26,195.36,191.28,189.06,196.8,202.74,206.16,215.46,208.98,198.3,206.64,198.84,193.26,189.3,182.64,175.38,174.6
2716743003 STOP SHOPOP   #090,7/16/2019,1 kWh,kWh,171.18,166.26,172.38,177.36,169.56,170.88,173.94,179.58,195.54,196.38,200.64,206.88,215.58,211.02,215.88,213.0,209.88,213.3,206.76,207.54,209.64,200.76,189.18,184.5
2716743003 STOP SHOPOP   #090,7/17/2019,1 kWh,kWh,167.46,166.02,167.4,172.14,165.06,169.86,176.34,174.24,188.64,193.08,191.82,190.32,197.4,191.94,196.98,199.92,194.7,190.02,188.94,186.9,188.46,181.92,174.66,172.5
2716743003 STOP SHOPOP   #090,7/18/2019,1 kWh,kWh,169.86,168.66,175.32,173.4,167.16,172.5,176.52,172.44,182.28,183.9,184.26,185.46,192.84,185.76,197.76,196.14,185.22,181.5,180.54,181.2,183.06,174.66,165.66,158.7
2716743003 STOP SHOPOP   #090,7/19/2019,1 kWh,kWh,162.06,160.8,165.24,169.32,163.44,180.72,184.74,177.72,187.62,191.46,192.9,198.18,200.34,202.68,202.38,203.04,197.82,193.14,195.54,191.04,190.62,185.52,173.88,180.0
2716743003 STOP SHOPOP   #090,7/20/2019,1 kWh,kWh,177.12,177.78,180.42,183.42,178.08,189.9,200.16,194.7,207.6,214.68,213.6,218.58,217.5,219.3,225.18,218.76,208.2,205.98,209.82,202.68,201.12,193.92,184.14,184.02
2716743003 STOP SHOPOP   #090,7/21/2019,1 kWh,kWh,183.42,181.02,184.02,183.78,179.7,191.82,196.38,193.44,201.84,205.8,208.32,210.36,218.76,214.86,219.9,211.68,205.56,212.7,207.3,203.34,202.74,198.84,187.92,185.64
2716743003 STOP SHOPOP   #090,7/22/2019,1 kWh,kWh,181.44,177.06,181.44,180.42,177.48,194.7,192.54,187.86,199.86,206.7,204.84,204.06,216.54,212.22,213.12,208.08,201.48,205.44,199.8,194.76,193.98,185.22,180.18,181.32
2716743003 STOP SHOPOP   #090,7/23/2019,1 kWh,kWh,178.56,172.5,175.56,185.94,178.26,189.96,189.12,184.5,195.12,201.6,199.56,207.78,209.58,202.38,201.9,192.0,182.82,183.48,182.76,180.72,179.88,178.86,166.26,168.12
2716743003 STOP SHOPOP   #090,7/24/2019,1 kWh,kWh,164.04,163.26,165.84,169.68,164.34,171.6,174.18,172.98,182.94,190.2,183.72,186.72,193.74,190.14,193.62,191.52,186.36,187.14,188.52,183.6,179.16,170.1,164.4,166.32
2716743003 STOP SHOPOP   #090,7/25/2019,1 kWh,kWh,159.72,158.64,166.2,170.88,162.18,179.52,177.06,175.26,187.44,179.58,189.12,192.72,198.0,195.54,194.88,197.1,189.78,192.6,188.34,185.94,183.54,179.58,170.88,162.48
2716743003 STOP SHOPOP   #090,7/26/2019,1 kWh,kWh,165.24,158.4,161.88,170.1,163.38,176.22,176.04,174.72,184.26,187.68,183.48,194.58,205.26,196.56,195.96,194.28,184.38,184.8,183.36,179.58,177.48,173.46,160.14,162.0
2716743003 STOP SHOPOP   #090,7/27/2019,1 kWh,kWh,160.08,157.5,162.18,164.7,156.66,171.36,171.24,164.34,179.88,181.98,185.76,190.8,193.44,194.46,195.78,194.94,189.0,189.3,185.58,181.2,184.38,174.48,168.72,159.6
2716743003 STOP SHOPOP   #090,7/28/2019,1 kWh,kWh,161.7,158.76,164.16,164.88,156.48,167.76,168.12,171.66,186.0,187.68,191.28,191.82,199.92,197.16,204.78,201.6,197.16,194.34,195.3,190.5,193.02,188.04,177.3,174.78
2716743003 STOP SHOPOP   #090,7/29/2019,1 kWh,kWh,171.96,165.78,177.48,175.08,169.2,176.58,179.16,185.04,191.04,195.18,194.82,196.2,203.4,197.4,202.8,203.58,194.76,199.92,197.28,191.64,189.3,188.1,180.54,173.82
2716743003 STOP SHOPOP   #090,7/30/2019,1 kWh,kWh,176.1,171.18,178.14,176.1,166.92,179.64,181.5,180.66,186.0,193.56,194.64,199.8,209.7,203.34,206.76,203.76,198.18,201.42,197.16,196.74,196.74,190.74,182.52,176.52
2716743003 STOP SHOPOP   #090,7/31/2019,1 kWh,kWh,175.5,168.72,175.26,185.7,174.84,184.38,184.32,183.72,191.4,196.68,194.58,199.08,207.9,212.94,212.94,214.08,203.34,206.22,201.18,202.5,200.1,191.22,182.52,178.5
2716743003 STOP SHOPOP   #090,8/1/2019,1 kWh,kWh,175.92,176.1,178.38,182.7,175.92,179.88,183.96,183.78,191.64,192.84,191.76,203.64,212.28,208.26,205.02,205.44,195.78,202.56,195.84,196.56,196.5,187.32,174.24,172.2
2716743003 STOP SHOPOP   #090,8/2/2019,1 kWh,kWh,167.82,169.74,173.7,174.72,168.9,172.14,174.84,176.28,186.9,192.6,187.68,193.92,203.46,199.32,198.54,205.8,197.46,198.3,188.34,190.38,189.36,184.68,174.3,169.56
2716743003 STOP SHOPOP   #090,8/3/2019,1 kWh,kWh,169.14,167.64,173.58,169.92,163.5,176.52,179.34,181.14,199.74,197.4,193.86,203.58,217.26,215.58,211.98,216.48,210.12,208.14,201.18,199.86,196.38,191.82,178.5,180.66
2716743003 STOP SHOPOP   #090,8/4/2019,1 kWh,kWh,176.58,175.56,180.6,177.3,171.6,177.36,184.38,192.06,199.68,202.62,205.08,209.34,215.1,213.24,215.4,216.84,202.74,204.24,198.6,196.2,192.9,186.0,175.38,173.46
2716743003 STOP SHOPOP   #090,8/5/2019,1 kWh,kWh,171.24,169.56,174.48,172.98,165.9,179.28,183.48,180.42,188.1,187.02,183.36,194.82,197.28,194.94,198.66,196.08,188.58,190.74,189.48,185.28,183.78,176.58,166.32,163.98
2716743003 STOP SHOPOP   #090,8/6/2019,1 kWh,kWh,164.76,167.88,171.66,170.58,164.22,174.84,183.96,183.9,184.8,190.92,192.78,198.78,202.38,204.9,210.12,201.72,193.38,198.6,189.96,199.98,203.34,201.9,182.82,184.32
2716743003 STOP SHOPOP   #090,8/7/2019,1 kWh,kWh,181.14,177.0,183.54,189.3,178.5,184.8,198.48,190.62,207.48,215.58,210.84,223.98,230.58,226.62,223.8,231.42,217.02,217.62,209.46,203.16,203.94,202.56,190.86,186.24
2716743003 STOP SHOPOP   #090,8/8/2019,1 kWh,kWh,182.64,183.78,188.7,188.4,184.38,189.48,195.24,191.46,197.76,216.3,211.38,220.08,231.84,216.9,225.36,226.44,219.12,222.72,215.28,209.16,212.82,209.82,198.3,197.58
2716743003 STOP SHOPOP   #090,8/9/2019,1 kWh,kWh,183.42,191.52,194.52,194.04,186.9,194.04,195.18,201.66,202.98,216.84,210.18,227.88,229.26,221.64,222.48,229.86,211.32,214.62,207.12,208.86,205.32,203.7,190.68,186.6
2716743003 STOP SHOPOP   #090,8/10/2019,1 kWh,kWh,186.0,177.66,194.04,185.22,188.04,183.48,195.24,190.44,205.5,206.52,203.34,214.98,219.6,216.9,224.46,228.36,216.42,218.94,208.32,202.8,203.22,196.02,191.52,186.6
2716743003 STOP SHOPOP   #090,8/11/2019,1 kWh,kWh,182.82,176.7,177.66,175.56,171.54,176.04,176.7,177.48,180.54,195.96,188.52,200.46,204.18,201.12,211.14,211.56,200.88,204.78,197.28,201.06,198.84,193.38,181.92,180.96
2716743003 STOP SHOPOP   #090,8/12/2019,1 kWh,kWh,180.84,179.04,186.9,185.94,182.1,192.06,192.0,191.64,201.66,202.86,199.02,210.12,223.02,218.58,218.64,220.86,212.58,212.76,209.64,206.64,208.86,197.7,190.14,188.64
2716743003 STOP SHOPOP   #090,8/13/2019,1 kWh,kWh,185.1,184.02,187.74,195.84,188.28,197.94,199.98,202.8,214.92,215.52,211.56,218.04,220.08,208.02,208.56,208.56,203.76,208.5,201.06,204.06,204.06,198.06,189.12,184.74
2716743003 STOP SHOPOP   #090,8/14/2019,1 kWh,kWh,184.26,182.94,189.12,194.34,185.52,196.38,204.36,200.1,209.04,208.38,206.76,224.64,222.3,218.58,221.46,224.76,211.14,212.64,207.72,204.18,204.24,199.62,189.84,187.44
2716743003 STOP SHOPOP   #090,8/15/2019,1 kWh,kWh,185.94,181.5,184.68,176.34,170.7,182.76,183.54,185.82,191.64,195.9,185.82,191.88,201.3,196.32,199.56,201.36,194.46,194.76,191.34,184.86,186.84,183.12,173.22,172.32
2716743003 STOP SHOPOP   #090,8/16/2019,1 kWh,kWh,169.26,170.52,176.64,180.36,170.22,179.58,178.02,179.22,190.14,189.72,184.2,189.3,199.2,198.54,194.58,202.92,194.88,192.54,190.74,186.24,188.58,180.66,174.36,173.94
2716743003 STOP SHOPOP   #090,8/17/2019,1 kWh,kWh,171.78,167.28,171.66,179.4,174.12,176.52,183.06,175.56,179.58,190.2,193.44,202.02,203.52,210.66,218.58,220.02,206.82,205.62,202.74,200.46,198.6,193.56,186.9,181.08
2716743003 STOP SHOPOP   #090,8/18/2019,1 kWh,kWh,182.04,183.24,186.24,191.16,184.32,192.48,193.38,193.08,204.42,206.58,197.7,210.78,219.72,222.42,220.02,222.0,209.22,207.48,200.16,198.18,204.84,200.04,189.0,186.9
2716743003 STOP SHOPOP   #090,8/19/2019,1 kWh,kWh,184.44,184.8,189.9,191.76,186.24,194.52,199.98,192.96,204.36,214.44,206.94,216.84,230.46,224.16,227.64,227.76,212.94,216.0,201.24,193.8,191.52,186.3,177.0,177.96
2716743003 STOP SHOPOP   #090,8/20/2019,1 kWh,kWh,171.36,171.0,189.18,189.0,180.84,190.44,188.82,188.04,203.7,203.1,197.34,206.46,208.62,207.06,206.22,204.6,197.4,195.96,194.82,191.4,193.02,186.42,176.52,173.04
2716743003 STOP SHOPOP   #090,8/21/2019,1 kWh,kWh,174.36,173.94,179.52,187.02,179.94,186.3,190.86,189.42,197.58,202.74,190.92,206.82,194.04,190.14,202.62,208.56,199.26,207.36,198.84,195.66,192.54,192.72,179.94,182.58
2716743003 STOP SHOPOP   #090,8/22/2019,1 kWh,kWh,176.52,175.98,183.3,184.38,176.7,183.3,184.8,183.0,189.54,198.06,197.94,207.3,216.6,217.38,213.12,222.78,207.18,206.1,196.8,196.68,198.24,186.18,176.94,175.68
2716743003 STOP SHOPOP   #090,8/23/2019,1 kWh,kWh,171.12,180.42,192.9,192.06,185.1,187.74,193.98,190.92,198.72,193.56,184.56,191.7,196.56,193.8,198.66,193.38,189.3,187.44,186.54,184.62,194.22,189.12,177.24,173.7
2716743003 STOP SHOPOP   #090,8/24/2019,1 kWh,kWh,172.86,164.28,167.16,179.7,173.58,173.16,170.22,175.08,174.78,188.22,188.58,188.58,197.82,193.2,197.28,196.32,190.86,188.58,183.84,182.64,187.26,184.26,170.34,167.22
2716743003 STOP SHOPOP   #090,8/25/2019,1 kWh,kWh,166.86,170.16,180.12,181.44,175.14,177.3,170.7,170.1,179.76,185.7,191.64,193.38,196.26,193.86,197.82,191.7,187.2,188.22,185.28,183.42,186.36,181.98,173.4,169.68
2716743003 STOP SHOPOP   #090,8/26/2019,1 kWh,kWh,166.08,165.54,175.08,171.12,168.48,173.34,171.18,170.94,177.3,179.22,178.32,185.4,192.54,187.26,185.94,187.14,182.58,182.52,179.16,181.32,181.5,177.12,165.3,161.22
2716743003 STOP SHOPOP   #090,8/27/2019,1 kWh,kWh,161.4,161.58,168.24,163.8,160.32,166.32,164.4,159.84,172.26,175.2,170.28,182.16,190.56,182.88,186.84,186.06,178.26,174.6,169.08,166.02,171.72,168.96,161.1,159.36
2716743003 STOP SHOPOP   #090,8/28/2019,1 kWh,kWh,162.36,159.48,171.3,165.84,162.96,171.54,173.22,169.2,183.18,185.64,180.3,191.76,199.2,196.14,200.16,203.1,195.24,187.5,182.46,181.14,183.78,179.4,169.2,169.44
2716743003 STOP SHOPOP   #090,8/29/2019,1 kWh,kWh,171.24,168.36,174.42,180.48,171.66,180.06,179.16,173.7,181.26,179.46,172.56,175.38,189.42,180.3,189.3,190.2,187.92,196.32,186.24,186.3,189.06,179.82,172.32,172.8
2716743003 STOP SHOPOP   #090,8/30/2019,1 kWh,kWh,174.06,173.88,174.96,175.26,163.68,168.3,166.68,165.24,178.98,190.14,184.74,197.28,203.16,201.78,206.04,205.44,202.26,196.68,191.16,187.44,186.72,186.48,176.34,174.84
2716743003 STOP SHOPOP   #090,8/31/2019,1 kWh,kWh,175.68,172.8,178.32,184.68,177.66,183.78,181.2,174.3,182.34,184.68,186.24,191.76,202.92,194.34,201.66,198.36,186.24,189.42,183.54,183.24,185.82,175.8,159.3,157.98
2716743003 STOP SHOPOP   #090,9/1/2019,1 kWh,kWh,159.72,155.46,169.08,167.58,164.34,167.04,168.72,167.46,173.28,179.76,177.18,182.82,187.26,182.04,185.88,183.42,179.82,185.82,181.74,173.4,168.9,162.66,152.52,155.94
2716743003 STOP SHOPOP   #090,9/2/2019,1 kWh,kWh,157.86,152.4,165.6,162.12,159.0,158.28,152.4,147.6,160.68,167.7,168.12,180.3,185.04,184.68,187.2,190.08,181.74,185.76,182.52,181.62,185.7,180.84,168.72,172.5
2716743003 STOP SHOPOP   #090,9/3/2019,1 kWh,kWh,173.58,177.3,179.22,182.94,176.52,180.6,181.14,182.28,186.84,185.7,180.12,185.82,189.42,186.06,190.02,186.24,180.18,182.58,177.42,177.54,181.5,175.86,161.58,160.02
2716743003 STOP SHOPOP   #090,9/4/2019,1 kWh,kWh,156.84,153.48,157.68,169.38,163.56,169.86,166.8,167.04,181.14,182.94,181.74,191.16,202.68,199.62,206.82,211.5,199.56,200.28,197.04,194.4,196.62,187.74,178.68,176.34
2716743003 STOP SHOPOP   #090,9/5/2019,1 kWh,kWh,178.14,176.94,183.12,185.4,173.4,179.64,182.1,176.52,180.54,174.06,178.02,184.44,192.66,185.34,189.84,188.94,181.14,179.34,179.88,170.46,169.5,162.78,154.8,156.12
2716743003 STOP SHOPOP   #090,9/6/2019,1 kWh,kWh,160.32,156.96,164.16,163.86,156.66,167.34,168.24,163.62,173.28,175.38,168.9,177.96,178.68,177.6,181.26,186.48,178.5,177.54,177.42,176.94,181.8,177.12,167.34,170.64
2716743003 STOP SHOPOP   #090,9/7/2019,1 kWh,kWh,172.32,171.78,177.96,180.0,173.46,180.24,178.92,180.72,184.92,181.2,175.32,175.92,176.88,170.46,172.74,175.08,166.2,168.84,172.86,172.56,177.48,172.56,153.78,156.18
2716743003 STOP SHOPOP   #090,9/8/2019,1 kWh,kWh,158.58,156.72,164.94,165.36,159.54,163.98,161.58,163.26,173.16,174.66,171.66,178.98,188.82,181.8,188.64,185.82,177.24,177.6,175.5,173.64,177.12,169.44,158.82,161.58
2716743003 STOP SHOPOP   #090,9/9/2019,1 kWh,kWh,162.84,159.96,168.84,164.4,160.38,166.86,168.0,167.7,175.86,179.16,174.72,187.5,193.32,187.92,186.6,189.24,185.22,184.2,178.2,173.1,168.42,163.44,156.48,157.92
2716743003 STOP SHOPOP   #090,9/10/2019,1 kWh,kWh,160.68,156.6,169.14,168.24,161.82,169.26,167.52,166.92,173.82,179.46,174.36,190.38,188.82,184.32,186.96,185.52,177.6,176.88,174.48,173.94,167.94,162.06,157.08,160.44
2716743003 STOP SHOPOP   #090,9/11/2019,1 kWh,kWh,162.42,159.06,165.6,167.88,162.36,170.1,166.14,169.56,185.04,191.28,182.82,192.12,198.6,187.86,194.76,198.42,185.7,191.7,185.28,180.54,180.18,180.66,167.76,171.72
2716743003 STOP SHOPOP   #090,9/12/2019,1 kWh,kWh,172.08,168.0,179.82,175.32,165.96,168.84,177.42,180.48,193.74,190.14,177.6,179.58,185.82,182.76,186.18,187.86,175.86,174.42,166.74,163.92,167.76,165.06,154.08,154.5
2716743003 STOP SHOPOP   #090,9/13/2019,1 kWh,kWh,156.12,157.74,158.94,163.92,157.38,163.08,160.02,160.92,167.82,166.02,169.68,169.38,170.4,165.78,177.9,176.58,160.92,159.9,153.78,146.04,140.52,138.18,131.04,133.26
2716743003 STOP SHOPOP   #090,9/14/2019,1 kWh,kWh,134.34,135.3,144.0,140.22,132.54,137.4,135.42,138.06,150.6,150.06,154.26,157.14,165.06,160.5,171.36,168.84,164.4,157.8,156.48,158.34,159.12,160.8,148.68,150.0
2716743003 STOP SHOPOP   #090,9/15/2019,1 kWh,kWh,148.8,147.72,155.34,159.6,149.34,155.34,157.14,154.38,162.96,169.56,161.82,173.64,179.04,175.14,173.58,174.18,164.82,165.0,158.94,155.76,159.18,154.74,149.34,149.88
2716743003 STOP SHOPOP   #090,9/16/2019,1 kWh,kWh,150.06,147.3,155.58,151.68,150.12,157.74,157.74,157.32,157.56,161.46,152.7,160.98,162.78,158.34,163.2,160.56,151.38,152.82,150.24,147.0,149.1,140.64,134.4,135.42
2716743003 STOP SHOPOP   #090,9/17/2019,1 kWh,kWh,137.22,136.74,144.84,148.56,145.26,148.38,146.94,146.7,151.74,157.02,151.8,154.8,158.64,156.78,157.44,156.96,151.74,148.8,146.58,147.3,149.16,142.5,136.98,138.84
2716743003 STOP SHOPOP   #090,9/18/2019,1 kWh,kWh,141.24,143.16,148.02,147.72,140.22,146.34,144.36,143.76,151.98,151.98,148.32,147.36,152.4,146.04,153.48,151.92,143.1,143.16,141.42,141.72,142.26,136.74,131.34,131.34
2716743003 STOP SHOPOP   #090,9/19/2019,1 kWh,kWh,134.04,136.68,141.96,143.94,134.34,137.88,141.72,136.08,139.68,148.32,139.68,146.1,154.8,152.22,157.8,153.48,145.14,144.18,151.74,146.7,147.48,141.0,131.52,133.62
2716743003 STOP SHOPOP   #090,9/20/2019,1 kWh,kWh,134.64,136.02,142.92,153.6,146.22,156.3,148.26,146.04,149.46,150.42,151.38,152.94,162.0,151.62,158.28,161.34,151.32,156.78,157.74,155.28,157.08,154.86,144.72,145.38
2716743003 STOP SHOPOP   #090,9/21/2019,1 kWh,kWh,148.08,144.12,152.64,152.76,146.76,152.34,150.06,147.24,154.38,158.82,151.86,156.06,169.32,160.62,170.94,167.4,158.4,156.12,155.34,150.06,150.84,144.84,138.36,138.0
2716743003 STOP SHOPOP   #090,9/22/2019,1 kWh,kWh,140.7,142.98,148.8,149.52,142.56,149.94,152.34,148.14,157.8,159.42,154.02,164.58,168.3,169.56,166.98,167.76,156.0,160.02,155.7,153.78,153.84,149.52,139.74,145.02
2716743003 STOP SHOPOP   #090,9/23/2019,1 kWh,kWh,148.02,146.7,157.14,152.22,146.94,158.4,157.98,154.02,161.34,172.02,167.64,169.14,178.26,178.62,175.62,178.2,167.4,169.62,167.4,162.12,158.76,157.62,147.0,145.74
2716743003 STOP SHOPOP   #090,9/24/2019,1 kWh,kWh,148.32,146.88,151.2,158.58,149.28,156.66,160.2,157.8,160.8,166.26,162.6,162.84,170.88,170.1,169.38,170.58,162.18,158.76,156.66,148.56,150.18,147.42,136.56,139.86
2716743003 STOP SHOPOP   #090,9/25/2019,1 kWh,kWh,142.14,142.32,142.5,148.38,137.94,149.16,151.08,148.86,149.4,154.68,149.52,145.14,158.16,155.58,154.2,159.24,152.22,152.52,149.64,147.0,148.44,141.12,134.76,138.06
2716743003 STOP SHOPOP   #090,9/26/2019,1 kWh,kWh,141.0,142.2,146.34,146.34,138.78,149.82,157.5,155.16,153.36,158.82,160.92,159.66,166.02,164.34,170.1,174.6,161.88,168.36,160.38,158.16,160.2,147.3,137.76,140.64
2716743003 STOP SHOPOP   #090,9/27/2019,1 kWh,kWh,144.18,142.44,149.22,147.0,141.36,152.7,162.06,150.96,152.94,147.12,145.32,153.54,161.46,156.18,156.3,164.22,156.0,151.8,151.2,146.82,151.14,146.64,136.98,140.16
2716743003 STOP SHOPOP   #090,9/28/2019,1 kWh,kWh,139.44,140.58,148.62,153.42,147.72,155.22,157.74,151.8,153.0,158.7,159.6,162.66,161.64,165.84,164.82,172.56,169.86,156.48,157.02,156.06,156.9,151.14,138.66,142.26
2716743003 STOP SHOPOP   #090,9/29/2019,1 kWh,kWh,143.88,147.96,148.86,153.54,143.82,156.48,165.0,161.28,163.8,162.3,163.98,169.62,164.22,161.94,158.04,162.12,156.3,152.34,150.78,149.22,151.5,144.0,133.38,137.52
2716743003 STOP SHOPOP   #090,9/30/2019,1 kWh,kWh,138.66,137.34,144.66,144.96,138.18,150.96,151.14,153.84,148.02,153.54,150.36,150.12,155.22,152.58,156.3,153.18,142.26,139.38,141.66,141.72,138.96,136.56,130.8,132.42
2716743003 STOP SHOPOP   #090,10/1/2019,1 kWh,kWh,136.26,137.76,144.0,143.82,136.44,143.88,152.7,150.06,153.06,151.74,151.14,160.62,163.62,161.64,165.18,169.08,160.62,151.62,152.46,160.74,153.54,148.68,136.26,142.56
2716743003 STOP SHOPOP   #090,10/2/2019,1 kWh,kWh,144.78,144.12,148.8,151.08,144.3,156.84,164.16,160.68,164.34,165.6,166.26,172.56,175.2,165.9,170.64,178.56,158.22,157.74,152.1,149.16,153.3,148.02,138.72,142.44
2716743003 STOP SHOPOP   #090,10/3/2019,1 kWh,kWh,138.96,140.7,151.2,149.1,142.8,146.22,158.82,150.18,153.36,154.62,151.62,145.92,155.22,157.86,161.58,159.36,146.34,142.86,146.64,145.44,146.1,141.66,131.88,135.96
2716743003 STOP SHOPOP   #090,10/4/2019,1 kWh,kWh,139.86,135.78,144.12,142.08,137.76,148.02,147.96,149.82,156.72,155.04,146.46,149.52,158.22,155.1,156.12,150.84,144.36,139.68,146.64,144.42,147.24,140.16,133.2,132.6
2716743003 STOP SHOPOP   #090,10/5/2019,1 kWh,kWh,133.86,137.58,140.52,139.2,134.76,135.96,135.24,128.34,136.98,136.92,137.7,146.58,146.82,147.36,150.3,144.0,138.6,135.0,144.18,139.08,142.92,133.86,126.12,128.4
2716743003 STOP SHOPOP   #090,10/6/2019,1 kWh,kWh,123.72,129.6,138.24,137.94,132.66,139.14,150.96,141.84,140.76,145.92,149.76,151.98,154.26,152.7,157.2,160.86,144.36,146.76,150.96,150.36,153.24,145.26,137.82,142.5
2716743003 STOP SHOPOP   #090,10/7/2019,1 kWh,kWh,139.74,141.12,144.84,146.64,141.24,154.8,166.74,159.24,157.08,156.9,157.2,166.56,171.18,167.34,173.82,171.36,156.06,158.46,167.16,161.4,153.36,147.66,142.98,145.2
2716743003 STOP SHOPOP   #090,10/8/2019,1 kWh,kWh,143.46,147.48,148.44,147.12,144.36,149.58,151.08,150.54,154.86,153.84,146.76,146.58,152.7,149.22,152.1,151.62,150.78,151.74,152.7,149.04,148.74,145.14,138.0,141.42
2716743003 STOP SHOPOP   #090,10/9/2019,1 kWh,kWh,141.6,145.56,149.22,146.46,141.06,145.74,150.84,147.78,152.4,149.28,150.06,148.32,154.62,148.68,157.38,150.3,148.2,147.42,149.16,148.5,151.14,140.82,135.12,139.8
2716743003 STOP SHOPOP   #090,10/10/2019,1 kWh,kWh,140.88,144.72,149.52,145.2,140.82,147.18,151.32,145.2,154.08,155.58,149.34,150.18,152.82,153.36,151.92,148.32,145.32,146.52,146.52,144.84,147.24,140.58,131.16,135.6
2716743003 STOP SHOPOP   #090,10/11/2019,1 kWh,kWh,139.56,141.9,149.16,143.64,141.06,144.9,152.4,144.84,153.84,151.74,148.2,155.1,155.88,151.92,156.42,151.08,146.4,147.6,150.36,145.44,144.18,143.7,136.02,137.58
2716743003 STOP SHOPOP   #090,10/12/2019,1 kWh,kWh,140.28,141.3,147.36,144.06,139.44,145.5,152.22,143.52,152.34,154.14,152.16,149.64,149.04,150.9,146.7,153.18,147.18,147.84,150.3,147.9,147.66,146.4,135.18,139.02
2716743003 STOP SHOPOP   #090,10/13/2019,1 kWh,kWh,140.94,145.02,144.78,143.52,141.72,145.62,145.5,142.98,142.38,148.26,148.14,144.3,150.18,147.12,153.24,147.12,140.22,141.9,144.24,143.52,145.08,137.88,133.38,135.06
2716743003 STOP SHOPOP   #090,10/14/2019,1 kWh,kWh,137.16,141.54,145.02,142.86,140.7,143.34,145.32,145.8,151.2,151.26,148.38,152.28,157.98,149.76,151.44,150.72,145.32,142.98,143.88,144.6,145.98,141.48,129.9,136.26
2716743003 STOP SHOPOP   #090,10/15/2019,1 kWh,kWh,137.4,141.12,143.22,144.06,138.6,144.3,145.98,138.0,144.06,,,,,,,,,,,,,,,
