Account,Date,Channel,Units,1:00,2:00,3:00,4:00,5:00,6:00,7:00,8:00,9:00,10:00,11:00,12:00,13:00,14:00,15:00,16:00,17:00,18:00,19:00,20:00,21:00,22:00,23:00,24:00:00
1403187030A 700132,10/29/2018,1 kWh,kWh,267.96,256.2,253.26,245.7,283.5,283.5,304.5,388.92,446.88,447.3,433.86,400.26,412.86,410.34,404.46,388.92,443.52,441.42,441.84,421.68,431.34,437.22,434.7,414.12
1403187030A 700132,10/30/2018,1 kWh,kWh,409.08,393.96,385.98,401.94,397.74,388.5,334.32,331.38,389.76,403.62,396.48,447.72,452.34,448.14,443.52,430.5,446.04,424.2,449.82,443.52,430.5,412.44,396.9,393.12
1403187030A 700132,10/31/2018,1 kWh,kWh,396.48,388.5,413.7,433.44,435.54,425.04,385.98,386.4,376.32,381.78,367.92,375.9,403.62,395.64,414.12,420.84,441.42,436.38,420.0,437.22,410.76,414.96,420.42,407.4
1403187030A 700132,11/1/2018,1 kWh,kWh,401.94,404.88,396.06,396.9,401.52,390.6,396.48,395.22,388.92,399.84,393.96,405.72,394.8,386.4,383.88,386.82,394.8,409.08,409.08,394.38,396.9,393.54,399.42,388.5
1403187030A 700132,11/2/2018,1 kWh,kWh,401.1,392.28,381.78,380.52,379.26,376.74,376.74,406.56,417.48,405.3,438.9,403.62,401.94,406.56,385.98,360.78,360.78,349.44,365.4,329.28,328.44,374.64,367.08,362.04
1403187030A 700132,11/3/2018,1 kWh,kWh,368.76,370.44,359.94,358.26,371.28,363.72,372.12,382.2,381.78,416.64,414.12,384.3,379.68,380.52,415.8,414.12,412.86,392.28,378.0,378.0,388.92,414.96,401.52,412.02
1403187030A 700132,11/4/2018,1 kWh,kWh,399.84,396.9,396.06,399.42,399.84,399.0,383.04,351.96,388.92,404.04,392.7,401.1,394.8,367.08,372.12,367.92,364.98,366.24,368.76,378.42,401.94,386.82,338.52,312.9
1403187030A 700132,11/5/2018,1 kWh,kWh,326.34,334.74,337.68,334.32,334.74,343.98,349.44,413.28,380.52,393.96,380.94,351.12,362.88,362.46,371.7,430.92,455.7,437.64,405.3,379.68,377.58,390.18,390.6,372.96
1403187030A 700132,11/6/2018,1 kWh,kWh,390.18,399.42,384.3,374.64,396.48,388.08,382.2,372.96,408.24,381.36,400.68,385.14,381.36,372.12,366.24,377.16,424.2,457.8,450.24,407.82,429.66,436.38,427.56,391.02
1403187030A 700132,11/7/2018,1 kWh,kWh,417.06,396.48,422.94,431.34,435.96,425.04,395.64,388.08,441.42,402.78,419.16,422.1,394.8,413.7,441.84,401.94,420.84,412.86,396.9,404.46,415.8,417.06,426.3,382.62
1403187030A 700132,11/8/2018,1 kWh,kWh,434.28,423.78,404.88,399.0,425.46,420.42,338.1,323.82,364.98,440.16,407.4,404.46,400.26,412.02,399.84,404.04,433.44,441.42,443.1,437.22,447.72,430.92,446.04,446.88
1403187030A 700132,11/9/2018,1 kWh,kWh,449.82,444.36,407.82,437.64,443.1,437.22,400.26,383.46,404.04,424.2,398.58,386.4,395.22,402.36,408.66,383.88,401.52,435.12,450.66,446.04,439.32,436.8,437.22,423.78
1403187030A 700132,11/10/2018,1 kWh,kWh,436.8,426.3,411.6,423.36,426.3,419.58,442.26,414.12,422.52,414.96,382.2,538.86,452.34,441.84,419.16,397.74,436.38,445.62,457.38,483.42,517.02,495.18,511.14,459.9
1403187030A 700132,11/11/2018,1 kWh,kWh,449.82,460.74,456.12,437.22,472.5,458.22,454.44,451.08,507.36,512.82,482.16,454.02,449.82,498.54,452.76,432.18,508.62,493.08,478.38,521.22,324.24,267.54,248.22,243.18
1403187030A 700132,11/12/2018,1 kWh,kWh,246.12,251.16,245.28,247.8,249.9,277.2,269.64,332.64,443.1,463.68,446.88,443.52,435.96,434.28,456.54,440.58,526.68,539.28,473.34,501.48,510.3,543.06,520.38,455.7
1403187030A 700132,11/13/2018,1 kWh,kWh,519.12,504.84,467.88,460.32,474.6,480.06,486.36,477.96,471.24,483.0,483.0,488.88,485.52,491.4,522.48,523.32,508.62,527.52,528.78,537.6,528.78,480.9,510.3,502.32
1403187030A 700132,11/14/2018,1 kWh,kWh,541.38,532.14,522.9,514.92,478.8,481.74,467.46,460.32,467.46,465.36,495.6,525.84,485.52,499.8,528.78,524.58,547.68,540.96,518.7,512.82,502.74,482.16,536.76,528.78
1403187030A 700132,11/15/2018,1 kWh,kWh,539.28,521.22,509.04,482.16,443.1,448.14,538.02,453.18,462.0,490.56,506.1,487.62,492.66,506.94,480.48,452.76,497.28,493.08,525.42,527.52,522.06,516.18,519.96,503.58
1403187030A 700132,11/16/2018,1 kWh,kWh,479.22,475.86,454.02,479.64,471.24,482.16,515.76,462.0,456.96,402.36,408.24,406.98,415.8,410.34,383.46,441.84,447.72,407.82,424.2,447.3,445.62,477.54,467.88,451.92
1403187030A 700132,11/17/2018,1 kWh,kWh,500.64,477.12,455.28,454.02,464.52,446.88,450.24,437.64,466.62,451.5,449.82,420.0,392.7,424.62,409.5,426.72,446.04,479.22,518.28,478.8,488.46,477.54,459.9,461.16
1403187030A 700132,11/18/2018,1 kWh,kWh,485.94,509.04,480.06,459.06,465.36,452.76,466.62,448.56,391.02,450.66,422.52,457.38,471.66,447.3,350.28,360.78,359.94,431.76,414.96,395.64,371.7,351.54,359.94,385.14
1403187030A 700132,11/19/2018,1 kWh,kWh,448.14,498.54,481.74,487.62,497.7,475.44,429.24,425.04,414.12,399.42,407.4,422.94,427.98,409.08,433.86,391.86,392.7,396.9,377.16,388.92,391.44,477.12,515.76,507.78
1403187030A 700132,11/20/2018,1 kWh,kWh,526.26,514.92,490.56,506.1,517.02,516.6,502.74,436.8,442.68,435.54,393.96,429.24,435.96,407.4,464.94,430.92,488.46,424.62,428.82,430.5,447.72,518.7,519.12,512.82
1403187030A 700132,11/21/2018,1 kWh,kWh,507.78,480.48,503.16,485.94,517.44,508.2,509.88,460.74,525.84,491.4,506.94,494.34,451.08,469.56,479.64,372.96,463.26,477.12,462.0,426.3,403.2,430.5,406.56,371.28
1403187030A 700132,11/22/2018,1 kWh,kWh,441.84,401.52,404.46,375.9,355.74,333.48,314.16,209.58,204.96,202.86,199.5,199.08,194.88,191.1,192.36,191.94,198.24,204.96,206.64,207.06,207.48,207.48,208.74,213.78
1403187030A 700132,11/23/2018,1 kWh,kWh,217.14,221.76,223.02,223.02,268.8,278.04,338.52,412.02,439.32,462.42,451.08,450.66,474.18,488.04,434.7,478.8,492.24,512.82,485.94,467.88,500.22,534.66,496.44,463.68
1403187030A 700132,11/24/2018,1 kWh,kWh,490.98,480.48,473.34,471.24,477.54,472.08,467.04,470.4,511.56,490.98,468.72,439.32,427.98,436.38,434.7,479.64,491.82,485.52,484.68,483.84,470.4,482.16,473.34,469.98
1403187030A 700132,11/25/2018,1 kWh,kWh,480.9,469.14,493.08,493.92,509.04,498.12,488.04,480.9,479.22,435.12,470.82,488.46,487.62,385.14,273.42,263.34,255.78,241.5,230.58,228.9,224.7,229.32,219.24,213.78
1403187030A 700132,11/26/2018,1 kWh,kWh,214.62,230.16,226.8,223.44,263.34,259.56,308.7,405.3,462.42,469.56,471.24,465.78,463.68,501.9,493.92,486.36,482.16,425.88,438.9,450.24,452.76,474.18,506.52,509.88
1403187030A 700132,11/27/2018,1 kWh,kWh,508.62,482.16,499.8,502.74,459.06,419.58,469.14,451.92,458.64,434.28,443.1,447.3,466.2,469.98,472.5,467.46,482.16,519.12,534.24,528.78,522.06,524.58,471.66,468.72
1403187030A 700132,11/28/2018,1 kWh,kWh,510.3,497.28,407.4,480.9,481.32,456.54,446.88,464.52,439.74,443.1,457.38,477.54,482.16,482.16,477.12,468.72,513.66,516.6,499.38,494.34,496.86,508.62,505.68,474.18
1403187030A 700132,11/29/2018,1 kWh,kWh,475.02,462.84,456.12,450.24,450.24,453.6,486.78,469.56,488.04,476.28,463.26,461.16,456.54,465.78,439.32,404.46,496.02,516.6,515.34,488.46,424.62,435.96,464.52,443.1
1403187030A 700132,11/30/2018,1 kWh,kWh,433.86,440.58,444.78,462.0,459.48,482.16,521.22,486.36,497.7,446.46,493.08,429.66,432.18,424.62,433.44,465.78,506.94,471.24,471.66,434.7,477.12,509.88,442.26,454.02
1403187030A 700132,12/1/2018,1 kWh,kWh,481.74,453.18,466.62,470.82,459.48,443.1,466.2,459.48,478.8,468.72,469.14,449.82,416.22,395.22,454.44,469.56,460.74,452.34,433.44,414.12,418.74,467.46,403.62,454.86
1403187030A 700132,12/2/2018,1 kWh,kWh,493.5,517.86,516.6,520.8,518.28,496.02,507.36,410.76,479.64,448.56,431.76,413.28,429.24,398.16,407.82,388.5,477.54,457.8,442.68,362.88,282.66,252.42,237.72,226.8
1403187030A 700132,12/3/2018,1 kWh,kWh,227.22,228.9,225.12,226.38,256.2,257.88,295.68,395.64,430.5,435.96,465.78,433.02,454.86,456.12,482.58,443.52,478.38,457.8,457.38,502.32,508.2,485.1,453.18,479.64
1403187030A 700132,12/4/2018,1 kWh,kWh,491.4,489.3,470.82,494.34,458.22,425.46,440.16,446.46,453.6,460.32,472.92,484.26,447.3,470.4,477.96,453.18,486.36,539.7,523.74,517.86,454.02,515.76,518.7,509.88
1403187030A 700132,12/5/2018,1 kWh,kWh,527.52,513.66,505.68,504.0,468.72,479.64,480.06,437.22,441.0,432.6,476.7,469.98,471.24,490.14,495.18,512.4,528.36,470.4,482.16,536.76,521.64,523.74,508.2,412.02
1403187030A 700132,12/6/2018,1 kWh,kWh,494.34,510.72,488.46,506.1,481.32,474.6,477.96,467.88,506.1,487.62,424.2,425.88,420.0,399.42,474.6,501.9,492.24,501.48,517.86,462.42,438.06,471.66,463.68,461.16
1403187030A 700132,12/7/2018,1 kWh,kWh,500.22,501.06,501.48,505.68,504.84,467.88,481.74,464.94,483.0,491.4,510.72,466.62,466.62,502.74,530.04,440.58,414.54,427.14,412.44,399.84,428.4,461.58,447.72,438.06
1403187030A 700132,12/8/2018,1 kWh,kWh,495.18,454.86,449.4,472.5,491.82,480.9,473.34,468.3,517.02,506.52,509.46,472.5,467.88,400.26,399.0,400.26,443.94,449.4,445.62,448.14,402.36,416.64,467.04,461.58
1403187030A 700132,12/9/2018,1 kWh,kWh,482.58,549.36,501.48,482.58,494.34,499.8,510.3,470.82,467.46,487.62,454.44,483.84,488.46,433.02,430.92,466.62,454.44,438.06,434.7,443.1,422.1,497.28,485.52,380.52
1403187030A 700132,12/10/2018,1 kWh,kWh,370.02,362.04,399.0,399.0,424.2,416.22,414.96,460.32,501.48,486.78,515.76,524.58,511.14,477.54,467.46,459.9,442.68,493.92,506.1,438.06,435.12,431.34,451.5,473.34
1403187030A 700132,12/11/2018,1 kWh,kWh,500.64,472.5,492.24,516.6,508.2,487.2,433.02,380.1,465.78,468.72,450.24,483.84,483.84,493.92,539.7,493.5,438.48,529.2,521.64,525.84,526.68,500.64,458.22,459.48
1403187030A 700132,12/12/2018,1 kWh,kWh,508.62,522.06,522.06,517.86,520.38,527.1,528.78,513.24,541.38,491.4,451.92,474.6,487.62,476.28,476.28,482.16,547.68,539.7,532.56,520.38,516.18,544.32,463.68,435.96
1403187030A 700132,12/13/2018,1 kWh,kWh,545.58,522.06,506.1,507.36,489.3,477.54,502.74,468.72,483.42,480.48,469.56,466.2,501.9,489.72,482.16,487.62,520.38,477.54,496.02,483.42,475.86,491.82,469.98,476.28
1403187030A 700132,12/14/2018,1 kWh,kWh,534.66,505.26,522.06,510.3,495.6,521.64,511.56,480.06,486.78,513.24,522.48,508.62,452.34,363.3,366.24,357.84,379.68,391.44,412.86,442.26,444.36,442.26,414.54,401.52
1403187030A 700132,12/15/2018,1 kWh,kWh,400.26,403.62,398.58,390.18,381.36,390.18,395.64,385.98,406.56,405.72,389.34,371.7,369.18,363.3,401.94,370.02,380.94,367.08,362.88,362.46,360.78,365.4,363.3,380.52
1403187030A 700132,12/16/2018,1 kWh,kWh,396.48,387.24,425.88,436.38,439.74,394.8,370.02,372.96,373.8,343.56,375.06,381.78,362.46,375.48,364.56,378.84,384.72,381.36,391.86,381.78,374.22,385.14,385.14,369.6
1403187030A 700132,12/17/2018,1 kWh,kWh,385.56,374.64,373.8,356.16,362.46,326.34,289.38,277.2,294.0,315.42,312.48,334.32,327.18,326.34,333.9,353.64,411.18,405.72,403.62,387.66,384.72,402.78,388.5,386.82
1403187030A 700132,12/18/2018,1 kWh,kWh,417.48,386.82,371.28,371.28,388.5,362.04,417.9,389.76,435.12,400.68,411.6,413.7,386.82,399.42,385.14,384.72,414.54,379.26,403.2,393.12,420.84,438.9,364.98,400.26
1403187030A 700132,12/19/2018,1 kWh,kWh,419.16,422.94,427.56,415.38,438.9,431.76,435.54,456.12,451.08,449.82,469.98,439.74,417.06,415.38,412.86,384.3,381.78,379.68,398.16,450.66,410.34,433.02,391.02,377.16
1403187030A 700132,12/20/2018,1 kWh,kWh,413.7,420.0,416.22,389.76,396.06,393.12,386.4,396.06,412.02,409.08,415.38,440.58,440.16,426.3,421.68,389.76,392.28,415.38,402.78,421.68,392.28,393.12,381.78,370.86
1403187030A 700132,12/21/2018,1 kWh,kWh,369.18,339.78,333.06,345.66,359.94,370.44,392.7,385.56,390.6,393.12,385.98,386.82,384.3,382.2,389.76,395.22,433.02,423.36,422.1,421.26,385.56,418.32,424.62,395.64
1403187030A 700132,12/22/2018,1 kWh,kWh,378.0,394.38,387.24,349.86,375.06,350.28,363.72,366.66,393.96,357.42,331.38,333.9,380.52,425.46,425.88,407.4,396.06,415.38,409.08,403.62,396.06,411.18,391.86,396.9
1403187030A 700132,12/23/2018,1 kWh,kWh,412.02,375.06,361.2,378.84,355.74,396.9,380.52,346.5,320.46,391.44,324.66,369.18,368.76,374.64,357.0,365.4,366.66,325.5,326.76,325.08,332.64,319.2,322.56,320.04
1403187030A 700132,12/24/2018,1 kWh,kWh,340.2,342.3,324.24,320.88,332.64,336.42,331.8,347.34,384.3,372.54,368.34,414.54,447.72,409.08,365.82,358.68,342.72,365.82,400.26,382.62,408.24,413.28,399.84,389.76
1403187030A 700132,12/25/2018,1 kWh,kWh,375.9,283.08,272.58,258.3,245.7,245.28,238.56,217.98,215.46,211.68,207.06,202.44,206.22,203.28,198.24,197.4,206.22,206.22,206.64,209.58,206.22,207.9,207.06,215.88
1403187030A 700132,12/26/2018,1 kWh,kWh,221.34,225.54,227.22,225.96,264.6,269.22,311.64,392.7,427.14,407.4,399.0,410.76,451.92,404.46,404.04,386.82,415.8,434.7,446.46,426.72,433.02,441.84,422.1,415.8
1403187030A 700132,12/27/2018,1 kWh,kWh,425.04,384.3,376.74,389.34,422.1,412.02,386.4,386.82,405.3,415.8,443.1,441.0,419.58,381.78,369.6,319.2,388.92,399.0,413.28,423.78,391.44,416.22,400.68,409.92
1403187030A 700132,12/28/2018,1 kWh,kWh,445.62,444.36,433.44,429.66,447.72,403.2,393.96,386.4,410.34,427.56,419.16,400.26,372.54,378.84,364.14,378.0,370.02,366.66,360.78,377.16,359.52,380.1,364.98,368.34
1403187030A 700132,12/29/2018,1 kWh,kWh,377.58,360.36,351.54,386.4,404.04,382.2,361.62,391.02,393.96,363.3,377.58,389.34,416.64,377.16,370.02,353.22,364.56,376.74,369.18,376.74,375.06,369.18,357.84,305.34
1403187030A 700132,12/30/2018,1 kWh,kWh,307.86,282.24,266.7,268.8,288.12,335.16,367.5,375.48,388.08,391.02,372.12,371.28,368.34,364.98,373.8,366.66,389.34,393.12,382.2,375.9,322.56,314.58,311.64,325.92
1403187030A 700132,12/31/2018,1 kWh,kWh,374.22,397.74,393.12,317.1,312.06,311.22,350.28,331.8,306.18,302.82,303.24,307.44,296.1,288.96,289.38,258.72,256.62,246.54,225.96,210.42,204.96,208.32,202.86,199.5
1403187030A 700132,1/1/2019,1 kWh,kWh,199.92,197.82,200.76,197.82,193.2,192.78,194.88,186.06,185.64,188.58,177.66,178.08,180.6,196.56,216.72,284.34,333.48,363.72,357.84,351.12,353.22,364.14,345.24,376.74
1403187030A 700132,1/2/2019,1 kWh,kWh,398.16,390.18,351.54,335.58,362.46,327.6,350.7,328.86,366.66,337.68,357.0,392.7,358.68,358.68,369.6,344.82,330.96,331.8,326.34,322.14,311.64,332.64,320.88,345.66
1403187030A 700132,1/3/2019,1 kWh,kWh,400.26,338.94,338.1,379.26,371.28,381.78,393.12,374.64,413.7,400.68,428.82,349.02,340.2,356.16,356.16,307.44,353.22,354.06,368.76,369.6,335.58,363.3,322.56,301.14
1403187030A 700132,1/4/2019,1 kWh,kWh,331.8,344.82,299.88,365.4,407.82,404.88,396.9,403.2,423.78,416.22,437.22,393.12,401.94,394.8,386.82,366.66,383.88,369.6,330.54,343.56,342.72,376.32,403.2,399.84
1403187030A 700132,1/5/2019,1 kWh,kWh,427.14,385.14,356.58,380.1,390.18,403.2,414.96,408.24,398.16,397.74,375.06,374.64,391.02,387.66,387.66,390.6,384.72,397.32,387.24,401.94,376.74,404.46,389.34,336.84
1403187030A 700132,1/6/2019,1 kWh,kWh,378.0,380.94,373.8,393.96,388.92,387.66,385.98,386.4,402.36,392.7,375.48,384.72,349.02,338.52,378.42,386.82,396.06,394.38,385.98,386.82,383.04,388.92,383.88,377.16
1403187030A 700132,1/7/2019,1 kWh,kWh,384.72,386.82,371.7,381.36,390.6,354.9,348.18,367.5,325.08,331.38,351.96,340.2,347.34,339.78,362.88,345.24,351.54,383.88,414.54,415.8,418.74,417.06,400.68,400.26
1403187030A 700132,1/8/2019,1 kWh,kWh,420.0,409.5,375.9,409.5,374.64,396.48,397.32,392.28,408.66,433.44,451.92,419.58,357.84,359.1,318.36,317.94,395.22,409.92,420.0,401.52,395.64,396.06,391.02,384.3
1403187030A 700132,1/9/2019,1 kWh,kWh,393.96,387.24,384.3,387.66,385.14,390.18,388.5,342.3,343.98,349.44,341.46,348.6,330.12,349.44,347.34,354.9,354.9,354.48,345.66,347.76,336.84,345.66,359.94,375.9
1403187030A 700132,1/10/2019,1 kWh,kWh,389.76,337.68,328.02,359.52,349.02,378.0,336.0,336.84,341.46,341.04,349.86,343.98,339.78,339.36,342.3,312.06,345.66,386.82,411.18,388.08,386.82,412.44,399.0,396.48
1403187030A 700132,1/11/2019,1 kWh,kWh,415.38,428.82,390.18,397.32,391.86,345.24,350.7,389.76,399.42,420.42,419.16,403.62,367.5,353.64,346.08,343.56,309.54,313.32,320.04,311.22,341.46,390.6,378.84,383.88
1403187030A 700132,1/12/2019,1 kWh,kWh,391.02,384.72,371.7,387.24,375.06,379.68,387.24,345.66,395.22,398.16,390.6,410.34,414.12,401.94,411.18,409.5,458.64,478.8,376.32,314.58,311.22,319.62,354.06,367.92
1403187030A 700132,1/13/2019,1 kWh,kWh,395.64,384.72,458.64,488.88,479.22,496.44,477.54,466.62,460.32,429.66,441.0,379.68,365.82,367.92,379.68,317.52,293.16,300.3,294.0,296.1,296.52,376.74,399.0,390.6
1403187030A 700132,1/14/2019,1 kWh,kWh,398.16,405.72,399.42,377.16,352.8,340.62,386.4,383.88,405.3,425.46,471.24,438.06,392.7,411.6,406.14,391.44,387.24,417.06,387.24,379.68,381.78,382.2,365.4,375.48
1403187030A 700132,1/15/2019,1 kWh,kWh,379.26,397.32,427.14,434.28,415.38,416.64,435.54,446.88,454.44,450.66,456.12,461.58,463.26,443.94,454.86,408.24,414.96,417.9,378.0,368.34,367.08,378.84,372.12,323.82
1403187030A 700132,1/16/2019,1 kWh,kWh,374.22,347.34,346.08,318.78,361.62,341.88,336.0,314.16,294.84,302.4,317.52,319.2,374.64,410.76,390.6,393.12,381.78,405.3,418.32,439.32,412.02,404.88,408.66,408.24
1403187030A 700132,1/17/2019,1 kWh,kWh,416.64,373.38,397.74,380.1,372.12,387.24,350.28,372.54,420.0,427.98,362.88,366.24,407.82,429.66,388.08,353.64,386.82,374.22,372.12,342.72,368.34,403.2,392.7,399.84
1403187030A 700132,1/18/2019,1 kWh,kWh,416.64,418.32,399.84,370.86,373.8,357.0,374.64,361.62,362.88,367.92,391.02,349.86,354.48,385.56,407.82,417.48,412.02,403.2,408.66,387.66,354.9,346.08,362.46,390.6
1403187030A 700132,1/19/2019,1 kWh,kWh,410.34,390.6,393.54,400.68,401.94,396.48,347.76,344.4,383.88,399.0,398.16,410.76,409.5,407.82,401.94,387.66,384.72,406.56,395.64,408.66,439.74,453.18,446.88,396.9
1403187030A 700132,1/20/2019,1 kWh,kWh,399.84,336.84,344.82,378.84,391.02,389.34,391.44,384.72,385.14,378.84,405.3,396.06,393.96,383.46,383.04,385.98,394.8,396.48,406.98,403.2,401.1,417.9,404.04,398.58
1403187030A 700132,1/21/2019,1 kWh,kWh,430.5,394.38,388.5,359.1,362.04,352.38,371.28,353.22,375.9,404.46,409.92,414.12,446.46,459.06,456.54,430.92,430.5,433.86,421.68,420.0,422.1,426.3,417.9,416.22
1403187030A 700132,1/22/2019,1 kWh,kWh,427.56,414.96,404.04,429.24,447.3,404.04,355.74,422.1,421.26,414.96,417.9,422.52,414.12,412.86,422.52,424.62,421.68,433.44,424.2,372.96,417.48,424.62,417.48,405.72
1403187030A 700132,1/23/2019,1 kWh,kWh,425.04,401.94,403.62,429.24,407.4,414.54,361.2,349.02,336.84,336.0,350.28,335.58,340.2,339.36,333.06,326.76,331.8,353.64,347.34,337.26,349.44,376.74,363.3,369.6
1403187030A 700132,1/24/2019,1 kWh,kWh,394.8,379.68,366.66,352.38,373.38,377.16,370.44,374.22,380.1,392.28,404.88,385.98,386.4,397.74,380.94,377.16,373.8,398.58,338.1,279.72,276.36,284.34,265.86,320.88
1403187030A 700132,1/25/2019,1 kWh,kWh,349.44,355.74,360.36,363.72,350.28,309.54,328.44,324.24,322.56,331.38,324.66,333.06,333.06,329.7,331.8,336.0,372.54,355.74,392.7,464.52,450.66,466.2,459.06,437.64
1403187030A 700132,1/26/2019,1 kWh,kWh,421.68,398.16,406.98,398.16,393.96,405.72,408.24,402.36,440.16,468.72,449.4,445.62,507.36,478.38,428.82,488.46,457.8,496.02,506.52,499.38,452.76,457.8,441.0,390.6
1403187030A 700132,1/27/2019,1 kWh,kWh,393.12,394.38,411.18,415.38,411.6,425.88,396.06,388.92,405.72,412.44,419.16,409.08,447.3,454.44,446.88,399.42,414.96,480.48,473.34,412.44,398.16,400.68,369.6,359.1
1403187030A 700132,1/28/2019,1 kWh,kWh,442.68,378.42,351.54,353.64,349.44,365.4,369.6,396.9,415.38,430.92,430.5,426.72,420.42,436.8,423.78,424.62,429.24,430.5,426.72,433.86,414.96,441.42,412.86,400.26
1403187030A 700132,1/29/2019,1 kWh,kWh,390.18,375.48,395.64,420.42,417.06,421.68,421.68,404.04,407.82,401.52,363.3,362.88,367.08,380.1,408.24,398.58,391.86,409.92,408.66,411.6,407.82,401.52,394.8,382.2
1403187030A 700132,1/30/2019,1 kWh,kWh,396.48,387.66,408.24,459.48,448.14,399.84,427.56,359.1,360.78,351.96,358.68,403.62,403.2,422.1,429.66,397.74,394.8,416.22,410.34,398.58,397.74,423.78,412.86,418.74
1403187030A 700132,1/31/2019,1 kWh,kWh,428.82,422.1,420.0,413.28,415.8,425.46,428.82,403.62,430.08,483.84,504.0,515.34,503.16,456.12,404.46,399.84,401.52,420.42,487.2,461.16,451.5,393.12,393.54,385.98
1403187030A 700132,2/1/2019,1 kWh,kWh,415.38,455.7,392.7,447.3,390.18,376.32,379.26,398.58,400.68,416.64,417.9,393.12,404.04,410.76,413.7,391.44,402.36,404.88,466.2,472.5,453.18,459.9,467.46,436.38
1403187030A 700132,2/2/2019,1 kWh,kWh,479.22,464.1,455.7,441.42,452.76,446.46,456.54,384.3,430.92,483.84,467.04,432.6,405.72,379.68,362.04,372.54,391.86,424.62,454.02,442.26,481.32,478.8,423.36,398.58
1403187030A 700132,2/3/2019,1 kWh,kWh,470.4,455.7,413.28,414.12,433.44,402.78,427.14,351.54,337.26,378.42,425.46,432.6,277.62,262.92,264.6,249.9,245.7,254.52,252.84,236.04,236.46,234.78,230.58,228.06
1403187030A 700132,2/4/2019,1 kWh,kWh,223.86,221.34,227.64,224.7,225.96,270.9,302.82,330.54,342.3,359.94,430.5,412.86,428.4,438.48,409.92,383.88,430.08,484.26,474.18,464.1,441.84,414.12,417.9,387.24
1403187030A 700132,2/5/2019,1 kWh,kWh,411.6,391.86,421.68,432.18,425.46,403.2,296.94,310.38,375.48,385.98,386.4,405.72,419.58,410.34,410.76,405.72,437.22,477.12,488.88,468.3,392.28,403.2,388.92,370.44
1403187030A 700132,2/6/2019,1 kWh,kWh,437.64,413.7,375.48,384.3,378.0,374.64,391.86,403.62,456.12,469.14,410.76,364.14,351.54,382.2,417.9,409.08,402.78,426.72,414.12,399.84,390.6,396.48,382.62,378.0
1403187030A 700132,2/7/2019,1 kWh,kWh,384.3,360.36,351.54,357.0,362.46,351.12,359.52,385.56,428.4,473.76,459.48,417.9,466.62,405.72,408.24,380.52,383.46,386.4,384.3,378.42,367.92,383.46,374.22,370.44
1403187030A 700132,2/8/2019,1 kWh,kWh,386.82,386.82,391.44,433.44,387.24,371.7,376.74,385.14,397.32,405.3,406.14,399.42,393.54,397.74,391.44,399.42,446.88,483.0,436.38,449.4,421.68,424.2,429.24,392.28
1403187030A 700132,2/9/2019,1 kWh,kWh,446.04,415.8,438.06,405.3,421.68,388.08,417.9,349.86,425.88,451.92,473.34,406.56,406.14,409.92,408.66,393.54,385.56,404.46,408.66,407.4,436.38,467.04,402.78,420.84
1403187030A 700132,2/10/2019,1 kWh,kWh,402.78,368.34,371.7,420.42,324.24,291.48,257.46,227.64,223.02,236.04,229.32,225.12,220.08,223.86,227.22,227.22,224.7,229.32,231.42,232.68,228.48,233.52,237.72,230.58
1403187030A 700132,2/11/2019,1 kWh,kWh,233.1,237.72,230.16,225.54,249.06,313.74,427.14,422.1,474.6,484.26,457.8,422.94,408.24,409.5,420.0,404.88,388.92,382.2,412.44,409.5,405.72,403.2,402.78,374.64
1403187030A 700132,2/12/2019,1 kWh,kWh,371.28,295.26,270.9,282.24,272.16,299.46,365.4,378.84,396.48,399.84,442.26,476.7,444.36,468.3,406.14,403.62,390.18,456.12,462.42,402.36,368.34,359.1,350.7,325.92
1403187030A 700132,2/13/2019,1 kWh,kWh,345.66,346.92,332.64,335.58,294.84,342.3,352.38,341.04,343.98,371.7,413.28,412.44,430.92,425.04,408.66,433.02,460.74,477.96,470.82,455.28,391.02,388.5,378.84,367.08
1403187030A 700132,2/14/2019,1 kWh,kWh,341.04,326.76,330.54,370.44,305.34,310.38,388.08,395.64,428.82,438.06,435.54,372.96,427.14,415.38,420.84,410.34,405.3,470.4,468.3,474.18,470.4,470.82,402.78,381.78
1403187030A 700132,2/15/2019,1 kWh,kWh,388.5,373.38,346.5,316.26,339.36,313.32,349.02,399.42,433.44,439.32,392.28,417.9,473.34,464.94,373.38,405.3,449.82,466.62,474.18,461.58,451.08,470.82,458.22,434.7
1403187030A 700132,2/16/2019,1 kWh,kWh,422.1,378.84,343.56,330.12,339.36,344.82,370.44,399.84,433.86,410.34,434.7,382.62,395.64,449.4,431.34,444.78,445.2,451.08,441.84,418.32,441.84,461.58,431.34,357.0
1403187030A 700132,2/17/2019,1 kWh,kWh,341.04,344.82,330.12,337.26,343.98,351.96,314.58,275.52,265.44,266.7,250.74,272.58,269.64,257.88,265.02,268.38,263.34,270.48,252.84,279.3,281.4,257.04,276.36,280.14
1403187030A 700132,2/18/2019,1 kWh,kWh,285.18,289.38,273.42,241.08,252.84,294.0,388.08,421.68,461.16,443.94,454.02,459.48,473.34,406.56,403.2,396.9,394.8,468.3,475.44,462.42,454.86,431.34,400.68,372.12
1403187030A 700132,2/19/2019,1 kWh,kWh,320.46,357.84,395.22,406.56,404.04,396.48,393.12,359.1,417.9,477.96,461.58,473.34,462.0,479.64,468.3,395.64,440.16,488.88,488.88,483.42,471.24,489.72,469.98,483.84
1403187030A 700132,2/20/2019,1 kWh,kWh,475.44,347.34,288.96,294.84,300.72,312.48,323.82,351.12,409.5,442.68,481.32,475.02,472.5,485.52,472.5,472.5,485.52,458.22,408.24,388.08,384.3,379.26,373.38,354.48
1403187030A 700132,2/21/2019,1 kWh,kWh,360.78,363.3,345.24,363.72,377.16,372.96,396.06,459.48,490.98,464.52,420.42,454.44,470.4,480.06,431.76,391.02,405.72,402.36,475.86,475.44,479.22,466.2,384.3,381.78
1403187030A 700132,2/22/2019,1 kWh,kWh,396.06,405.3,438.48,417.06,412.44,404.46,372.96,396.06,456.96,479.64,483.0,478.8,486.78,421.26,398.58,391.02,431.34,417.06,473.34,461.16,427.56,470.82,459.06,474.18
1403187030A 700132,2/23/2019,1 kWh,kWh,470.82,454.02,400.68,427.98,422.94,412.86,421.68,398.16,387.66,388.5,390.18,383.88,385.14,378.0,381.78,399.84,388.08,380.1,385.98,386.4,386.82,451.92,443.94,413.28
1403187030A 700132,2/24/2019,1 kWh,kWh,376.32,354.48,408.66,432.18,405.3,377.58,407.4,330.54,282.24,275.52,283.5,265.44,267.12,259.14,258.72,257.46,263.34,268.8,251.16,281.4,270.48,246.12,267.54,275.52
1403187030A 700132,2/25/2019,1 kWh,kWh,273.0,273.0,273.42,268.8,275.94,299.04,318.36,420.84,440.16,442.26,451.92,430.92,449.4,405.72,412.02,382.2,364.98,347.76,359.1,353.64,399.42,422.94,405.72,374.64
1403187030A 700132,2/26/2019,1 kWh,kWh,344.82,368.76,382.62,368.34,307.02,308.7,359.1,397.74,414.54,404.88,419.58,408.66,426.3,413.7,430.92,422.1,446.46,472.5,472.5,452.34,489.72,480.48,460.74,407.4
1403187030A 700132,2/27/2019,1 kWh,kWh,394.8,385.98,366.66,355.32,328.44,273.42,279.72,346.08,396.9,422.52,446.46,378.42,354.9,351.12,406.56,432.6,436.8,488.88,439.74,483.84,442.68,472.5,464.52,458.22
1403187030A 700132,2/28/2019,1 kWh,kWh,461.58,440.58,451.92,438.48,443.1,422.94,404.04,425.04,448.56,488.88,492.24,490.56,491.4,490.14,446.04,416.64,403.62,430.5,470.82,464.94,459.06,471.66,455.28,454.86
1403187030A 700132,3/1/2019,1 kWh,kWh,449.82,453.18,455.28,455.7,443.1,370.02,289.38,291.9,357.42,404.46,427.98,408.66,405.3,447.3,483.0,409.08,404.88,401.1,404.46,380.52,378.0,463.68,443.1,380.52
1403187030A 700132,3/2/2019,1 kWh,kWh,391.86,352.38,430.92,441.0,367.08,327.18,359.1,325.08,338.52,321.72,323.82,333.9,331.8,335.58,374.64,375.9,386.4,375.48,381.36,397.74,466.2,469.56,438.48,457.38
1403187030A 700132,3/3/2019,1 kWh,kWh,409.5,361.2,355.32,416.64,391.86,423.78,387.24,391.44,386.82,292.32,291.48,272.16,265.02,272.16,277.2,270.48,270.9,272.58,252.0,277.62,287.7,262.5,276.36,280.98
1403187030A 700132,3/4/2019,1 kWh,kWh,272.16,273.0,280.56,275.1,280.14,283.92,283.92,293.16,320.46,321.72,335.16,336.84,328.44,352.8,396.06,392.7,393.96,396.9,402.78,383.88,378.42,385.98,411.18,388.92
1403187030A 700132,3/5/2019,1 kWh,kWh,379.26,382.2,379.68,370.44,337.68,318.78,351.12,326.34,319.2,325.92,354.48,370.86,396.06,400.68,398.16,393.54,391.44,391.86,403.2,388.08,389.76,396.48,410.34,430.5
1403187030A 700132,3/6/2019,1 kWh,kWh,458.64,456.54,401.1,441.0,429.24,442.68,370.02,336.84,280.98,289.8,316.68,356.16,397.74,422.94,469.56,465.78,449.82,403.2,448.56,454.02,464.52,455.28,427.98,406.98
1403187030A 700132,3/7/2019,1 kWh,kWh,378.84,378.0,359.94,363.72,371.7,326.34,367.92,385.56,383.46,388.5,351.54,380.94,362.88,388.5,380.52,390.18,394.38,380.1,390.18,393.54,382.62,380.1,368.76,390.18
1403187030A 700132,3/8/2019,1 kWh,kWh,,,,,,,,,,,,,,,,,,,,,,,,
1403187030A 700132,3/9/2019,1 kWh,kWh,,,,,,,,,,,,,,,,,,,,,,,,
1403187030A 700132,3/10/2019,1 kWh,kWh,,,,,,,,,,,,,,,,,,,,,,,,
1403187030A 700132,3/11/2019,1 kWh,kWh,,,,,,,,,,,,,,,,,,,,,,,,
1403187030A 700132,3/12/2019,1 kWh,kWh,,,,,,,,,,,,,,,,,,,,,,,,
1403187030A 700132,3/13/2019,1 kWh,kWh,342.72,365.4,357.84,392.7,380.52,356.58,348.18,403.62,396.06,415.8,406.98,408.24,398.16,412.02,427.14,415.38,380.94,398.58,390.6,399.84,387.66,375.06,379.26,388.08
1403187030A 700132,3/14/2019,1 kWh,kWh,380.52,347.34,370.86,401.1,356.16,364.56,391.44,400.26,416.22,374.64,358.68,374.64,414.54,413.28,449.4,395.64,388.5,388.08,391.44,375.48,332.64,356.58,370.86,372.96
1403187030A 700132,3/15/2019,1 kWh,kWh,406.56,404.04,394.8,386.4,404.46,386.4,376.32,362.88,363.3,358.26,354.06,420.84,382.62,383.46,387.66,379.68,376.74,373.8,386.4,384.3,430.5,421.26,399.42,377.16
1403187030A 700132,3/16/2019,1 kWh,kWh,353.64,362.88,399.42,396.9,387.24,390.6,383.88,385.56,388.92,386.4,371.28,381.78,364.56,368.34,362.88,372.12,375.06,376.74,383.46,381.36,390.18,380.1,374.64,376.32
1403187030A 700132,3/17/2019,1 kWh,kWh,369.6,348.18,360.36,370.02,322.98,278.04,276.36,273.84,270.9,254.1,258.3,259.56,254.1,262.08,252.84,247.38,244.02,247.8,244.86,258.3,260.4,262.08,257.46,265.02
1403187030A 700132,3/18/2019,1 kWh,kWh,258.72,266.7,264.18,274.68,285.18,289.38,359.52,359.52,380.94,385.14,374.64,377.16,379.26,394.8,382.62,383.46,379.68,388.5,390.18,416.64,390.6,373.8,364.98,349.44
1403187030A 700132,3/19/2019,1 kWh,kWh,364.14,367.5,393.12,429.24,370.86,331.38,301.98,331.8,374.22,393.54,403.62,401.52,401.94,392.28,401.52,383.88,380.94,383.88,397.32,391.02,370.44,387.24,376.32,364.56
1403187030A 700132,3/20/2019,1 kWh,kWh,373.8,405.72,411.18,420.0,401.94,383.88,353.64,345.66,343.56,362.88,359.52,356.58,347.76,358.68,394.38,393.12,384.3,380.1,370.44,381.78,372.96,384.72,372.54,396.48
1403187030A 700132,3/21/2019,1 kWh,kWh,414.54,420.42,423.78,430.08,429.66,392.7,385.14,398.16,444.78,451.5,428.82,451.08,433.44,419.16,406.98,396.9,393.12,392.7,402.78,409.92,397.32,406.56,405.3,396.06
1403187030A 700132,3/22/2019,1 kWh,kWh,406.98,386.4,397.74,381.36,398.16,354.06,333.06,399.0,442.26,435.12,436.8,435.96,475.86,454.86,406.98,413.28,430.92,448.98,480.9,470.4,460.74,466.62,419.16,421.26
1403187030A 700132,3/23/2019,1 kWh,kWh,476.28,479.22,477.96,475.02,460.32,423.78,418.74,380.1,443.52,426.72,407.4,442.26,460.74,457.8,462.42,453.6,433.02,458.22,462.0,476.28,468.72,443.94,417.9,472.5
1403187030A 700132,3/24/2019,1 kWh,kWh,464.1,433.86,451.92,436.38,397.32,456.96,430.92,363.3,307.02,278.46,277.62,246.54,233.94,225.12,222.6,217.56,223.44,228.9,228.9,238.56,246.96,246.96,245.28,251.16
1403187030A 700132,3/25/2019,1 kWh,kWh,246.54,237.3,235.62,253.26,292.74,278.88,414.54,439.32,421.68,479.22,485.52,454.02,434.28,468.3,475.86,433.86,460.32,466.62,449.4,454.44,491.4,465.36,420.42,434.7
1403187030A 700132,3/26/2019,1 kWh,kWh,422.94,420.84,386.4,371.7,356.16,339.78,338.1,362.46,421.68,449.4,452.34,451.08,433.44,418.74,413.28,403.2,405.72,417.06,412.02,414.54,400.26,401.1,403.62,368.34
1403187030A 700132,3/27/2019,1 kWh,kWh,367.5,328.86,309.54,322.98,335.58,334.32,337.68,365.4,382.62,396.9,393.96,404.04,445.2,401.94,400.26,406.14,395.22,400.68,402.36,389.34,381.78,377.58,382.2,391.02
1403187030A 700132,3/28/2019,1 kWh,kWh,383.04,395.64,378.42,401.1,406.98,392.28,375.9,389.34,403.62,409.5,407.4,395.64,393.12,401.94,403.62,391.02,389.76,394.8,404.04,399.0,392.28,404.46,393.96,391.02
1403187030A 700132,3/29/2019,1 kWh,kWh,420.0,391.86,385.98,380.94,402.78,393.54,385.98,381.36,391.86,380.94,372.12,361.62,365.82,368.76,375.06,387.66,380.1,375.06,376.74,384.72,389.76,392.28,384.3,381.36
1403187030A 700132,3/30/2019,1 kWh,kWh,381.78,386.82,368.34,371.7,368.76,362.04,356.58,357.84,360.78,359.52,364.14,351.12,355.32,349.44,360.36,359.52,369.6,374.22,363.72,382.2,380.52,376.32,374.64,384.72
1403187030A 700132,3/31/2019,1 kWh,kWh,372.96,360.36,364.14,360.36,356.16,353.64,341.46,338.1,346.92,335.16,345.24,277.2,252.0,239.82,224.7,219.66,223.44,228.9,226.38,229.32,231.42,230.16,229.74,235.62
1403187030A 700132,4/1/2019,1 kWh,kWh,233.94,224.7,236.46,238.56,259.98,268.8,315.84,330.12,344.82,346.5,340.62,354.9,363.72,413.28,423.36,403.62,427.56,437.22,390.6,368.76,380.1,427.56,420.84,416.64
1403187030A 700132,4/2/2019,1 kWh,kWh,426.72,414.54,404.88,402.78,398.16,391.44,375.06,391.02,383.04,404.88,408.24,404.46,414.12,401.1,388.5,386.4,387.66,407.4,440.16,423.78,433.44,407.4,409.08,427.56
1403187030A 700132,4/3/2019,1 kWh,kWh,,,,,,,,,,,,,,,,,,,,,,,,
1403187030A 700132,4/4/2019,1 kWh,kWh,,365.4,351.54,323.4,332.64,297.36,293.58,296.1,309.54,306.18,330.12,322.56,325.5,331.38,364.14,341.46,353.64,376.74,340.62,318.36,318.36,328.86,332.64,343.56
1403187030A 700132,4/5/2019,1 kWh,kWh,316.68,310.38,342.3,373.38,338.52,372.12,365.82,365.4,399.42,384.72,412.44,422.52,432.6,399.84,368.34,359.1,380.1,376.32,380.94,416.22,391.86,367.92,364.14,358.68
1403187030A 700132,4/6/2019,1 kWh,kWh,363.3,354.9,368.34,378.84,360.78,364.14,364.14,364.14,367.92,360.36,372.12,383.04,372.54,385.14,409.92,407.82,410.76,416.64,407.4,422.94,416.64,414.12,419.16,412.44
1403187030A 700132,4/7/2019,1 kWh,kWh,411.6,421.68,393.54,410.76,415.8,395.64,408.24,405.72,403.2,371.28,370.44,398.58,400.68,393.12,391.44,362.04,257.88,231.42,229.74,242.34,244.86,241.92,227.64,223.86
1403187030A 700132,4/8/2019,1 kWh,kWh,229.32,226.38,223.86,220.08,254.1,249.9,333.48,366.66,421.26,417.06,415.8,427.14,420.84,436.8,441.42,427.56,422.94,433.86,423.78,439.74,403.2,409.92,428.4,413.28
1403187030A 700132,4/9/2019,1 kWh,kWh,393.96,393.54,371.7,367.5,349.44,353.64,338.52,328.86,378.0,376.74,397.74,426.3,415.8,441.0,425.04,433.02,426.3,393.96,397.74,417.9,432.6,422.1,375.06,413.28
1403187030A 700132,4/10/2019,1 kWh,kWh,386.82,379.26,403.2,381.36,373.8,370.02,318.36,294.84,291.48,361.62,422.52,421.68,385.98,405.72,402.78,367.5,364.14,373.38,369.18,388.5,376.74,373.8,372.96,374.64
1403187030A 700132,4/11/2019,1 kWh,kWh,384.72,389.76,410.76,430.08,429.66,417.48,412.02,409.5,392.28,372.12,370.02,372.96,380.52,412.86,429.24,427.98,418.32,434.7,434.7,422.94,431.34,378.42,384.72,419.58
1403187030A 700132,4/12/2019,1 kWh,kWh,409.92,411.18,405.3,409.92,402.78,402.78,388.08,387.24,377.58,374.22,374.22,375.9,382.2,369.6,368.34,370.44,403.62,409.92,411.18,417.06,397.32,376.74,367.08,367.5
1403187030A 700132,4/13/2019,1 kWh,kWh,364.14,353.64,355.32,294.84,289.38,289.8,290.22,279.72,302.82,325.5,317.1,286.44,293.16,312.48,373.38,385.98,380.1,384.3,369.18,368.76,365.4,392.7,409.92,401.52
1403187030A 700132,4/14/2019,1 kWh,kWh,404.04,393.54,384.3,378.42,332.64,304.08,297.36,225.12,217.56,209.16,221.34,201.6,204.54,205.38,202.44,206.22,205.8,208.32,207.48,210.0,215.88,225.54,216.72,210.42
1403187030A 700132,4/15/2019,1 kWh,kWh,217.14,217.56,228.9,214.2,254.1,258.72,345.24,399.84,404.04,427.14,426.72,427.14,438.48,435.54,422.1,425.46,423.36,418.74,418.74,425.88,435.54,422.1,411.18,411.18
1403187030A 700132,4/16/2019,1 kWh,kWh,401.1,377.16,351.96,357.84,349.44,320.88,317.94,407.82,418.32,419.58,417.06,427.98,430.92,430.5,427.98,426.3,414.96,422.94,411.6,422.94,400.26,401.1,408.66,381.78
1403187030A 700132,4/17/2019,1 kWh,kWh,370.86,324.24,304.92,300.72,292.74,292.32,307.86,379.68,383.46,399.84,377.58,328.02,333.9,335.58,364.56,380.52,389.34,399.42,396.06,395.22,384.3,378.42,401.1,365.82
1403187030A 700132,4/18/2019,1 kWh,kWh,359.94,359.52,363.72,367.08,348.18,349.86,357.42,363.72,373.8,394.38,379.68,376.74,416.64,406.14,380.1,375.9,360.36,375.9,369.18,367.08,358.68,371.7,359.1,354.06
1403187030A 700132,4/19/2019,1 kWh,kWh,369.18,375.06,372.12,371.7,362.46,362.88,355.32,359.94,409.5,418.32,388.92,380.94,349.44,338.1,343.14,357.0,347.76,349.44,346.92,346.08,350.7,364.56,354.48,341.88
1403187030A 700132,4/20/2019,1 kWh,kWh,357.0,352.8,347.76,352.38,353.22,345.24,347.34,348.18,396.9,386.82,338.52,365.4,370.44,359.52,391.86,366.66,372.12,370.86,359.94,367.08,366.24,396.06,408.66,402.36
1403187030A 700132,4/21/2019,1 kWh,kWh,401.94,409.08,396.9,394.38,393.12,389.34,380.1,293.16,226.38,210.42,213.78,211.68,200.34,202.02,199.08,197.82,191.1,193.2,195.3,202.44,216.3,220.08,216.72,208.32
1403187030A 700132,4/22/2019,1 kWh,kWh,210.42,212.1,205.8,231.42,234.36,238.98,331.38,384.3,402.36,374.22,380.1,388.5,385.14,376.32,360.78,349.44,368.76,372.96,350.7,357.84,355.32,380.94,403.62,402.36
1403187030A 700132,4/23/2019,1 kWh,kWh,386.4,388.5,376.74,381.78,347.34,320.46,254.94,258.3,341.46,370.86,386.82,374.64,388.08,382.62,378.42,360.36,372.96,370.02,398.58,407.82,410.34,416.64,415.38,400.68
1403187030A 700132,4/24/2019,1 kWh,kWh,400.26,407.82,397.32,387.24,386.4,331.38,309.96,314.16,328.02,370.44,376.32,377.58,376.32,372.54,356.58,367.08,356.58,362.88,366.66,363.72,391.86,382.2,355.32,354.06
1403187030A 700132,4/25/2019,1 kWh,kWh,348.18,340.62,357.42,355.74,323.4,313.74,283.92,317.52,336.42,317.1,304.08,342.3,374.22,376.32,384.72,375.06,373.8,392.28,367.08,369.6,368.76,364.98,366.66,367.5
1403187030A 700132,4/26/2019,1 kWh,kWh,369.18,370.44,362.46,378.42,368.76,312.48,330.96,337.26,365.4,367.5,358.26,351.54,376.74,388.08,399.42,384.72,368.34,381.36,366.66,367.08,368.76,385.56,399.84,394.38
1403187030A 700132,4/27/2019,1 kWh,kWh,417.06,417.06,383.46,357.84,366.66,362.04,351.96,337.68,356.58,370.02,358.26,354.48,364.98,354.06,360.36,342.72,354.48,366.66,349.44,367.08,379.68,380.52,382.2,368.76
1403187030A 700132,4/28/2019,1 kWh,kWh,363.72,363.3,350.7,366.24,394.8,393.54,380.94,378.84,359.1,286.44,323.4,311.22,265.02,244.86,236.88,238.14,244.86,240.24,237.72,242.34,258.72,245.7,234.36,236.46
1403187030A 700132,4/29/2019,1 kWh,kWh,248.64,235.2,232.68,236.04,250.32,280.14,362.04,383.46,408.24,400.68,403.62,388.5,396.48,356.58,414.54,411.6,409.5,405.3,413.28,385.98,383.46,398.58,409.92,412.02
1403187030A 700132,4/30/2019,1 kWh,kWh,414.12,406.98,402.36,404.88,400.26,375.48,328.86,345.66,333.48,374.22,402.36,438.48,425.88,393.54,399.84,413.28,383.04,380.1,379.68,416.22,424.2,410.34,384.3,380.52
1403187030A 700132,5/1/2019,1 kWh,kWh,372.54,370.44,364.98,364.98,354.9,339.78,331.38,346.92,362.04,367.5,376.74,355.32,381.78,377.16,406.56,384.3,374.64,376.32,371.7,363.72,359.52,378.0,360.78,360.78
1403187030A 700132,5/2/2019,1 kWh,kWh,359.94,358.68,310.38,294.0,298.2,297.78,304.92,325.08,324.24,309.96,311.22,348.18,379.68,376.74,389.34,322.14,312.48,365.82,370.44,357.0,359.1,362.88,359.94,357.84
1403187030A 700132,5/3/2019,1 kWh,kWh,325.5,331.8,313.32,364.56,364.98,352.38,344.82,347.34,372.54,409.5,409.08,365.4,367.92,379.26,387.24,375.9,373.8,370.02,344.4,359.1,356.16,358.68,361.2,360.36
1403187030A 700132,5/4/2019,1 kWh,kWh,356.58,354.48,353.64,363.3,351.54,356.58,356.16,348.6,381.78,394.8,351.12,330.54,335.58,357.0,376.74,358.68,353.64,372.96,358.68,368.34,370.02,366.66,374.22,368.76
1403187030A 700132,5/5/2019,1 kWh,kWh,370.86,357.84,356.58,355.32,350.7,338.52,338.52,325.5,329.7,329.7,322.56,228.9,209.58,211.26,198.66,195.3,191.1,194.88,196.98,207.06,218.4,210.84,218.4,219.24
1403187030A 700132,5/6/2019,1 kWh,kWh,221.76,215.46,214.2,221.76,227.22,227.22,263.76,300.72,366.66,364.98,379.26,378.0,376.32,387.24,390.18,378.0,370.86,367.5,380.94,397.74,407.82,386.82,382.62,385.98
1403187030A 700132,5/7/2019,1 kWh,kWh,404.46,397.74,385.98,359.52,355.74,340.2,309.12,341.46,394.8,391.86,408.66,405.3,381.78,389.34,381.78,372.96,375.48,386.4,385.98,388.08,401.94,406.98,406.14,390.6
1403187030A 700132,5/8/2019,1 kWh,kWh,399.42,393.54,389.76,379.68,351.96,335.16,346.08,351.96,384.72,397.74,393.12,378.84,402.78,372.12,382.2,373.8,371.28,363.72,375.06,362.04,358.26,373.38,358.26,356.16
1403187030A 700132,5/9/2019,1 kWh,kWh,386.82,401.1,389.76,388.5,383.88,381.78,377.16,351.54,365.82,357.0,341.46,367.08,384.72,397.32,382.2,372.12,377.58,384.72,372.96,380.1,375.48,376.32,365.82,383.88
1403187030A 700132,5/10/2019,1 kWh,kWh,404.88,391.02,400.68,400.26,409.5,387.66,389.34,382.62,351.54,353.22,347.76,346.5,351.54,352.8,359.52,356.16,357.42,363.3,370.86,396.9,363.3,363.72,356.58,360.78
1403187030A 700132,5/11/2019,1 kWh,kWh,369.6,364.56,371.28,366.24,371.7,384.3,380.94,389.34,349.86,354.9,340.62,335.16,338.1,394.8,398.16,367.92,342.3,367.5,362.04,382.62,369.6,368.76,397.74,338.94
1403187030A 700132,5/12/2019,1 kWh,kWh,377.16,400.26,389.34,375.06,370.44,371.7,338.52,307.44,242.34,198.66,189.84,189.42,187.74,187.74,184.38,193.62,186.06,194.46,199.92,202.44,212.52,206.22,212.1,210.0
1403187030A 700132,5/13/2019,1 kWh,kWh,210.42,217.14,217.14,236.88,244.02,267.54,319.2,384.72,415.8,414.54,392.28,381.36,385.56,391.44,387.66,375.48,381.36,375.9,380.94,358.68,371.28,373.8,354.9,366.66
1403187030A 700132,5/14/2019,1 kWh,kWh,383.04,372.54,378.84,409.08,405.72,337.26,323.4,290.64,326.76,354.06,370.02,376.32,372.12,388.92,391.02,383.46,391.86,393.12,418.74,415.38,430.92,430.08,395.64,396.48
1403187030A 700132,5/15/2019,1 kWh,kWh,433.02,421.26,409.5,375.48,361.62,345.24,304.5,296.1,354.48,367.5,364.98,362.46,375.06,359.52,404.04,371.28,398.58,383.46,384.72,406.56,386.4,416.64,397.32,381.36
1403187030A 700132,5/16/2019,1 kWh,kWh,424.2,383.04,369.18,354.06,382.2,340.62,337.26,326.76,359.52,355.74,385.56,378.84,345.66,383.88,403.2,382.2,383.04,405.3,386.4,379.26,396.48,389.34,381.36,372.96
1403187030A 700132,5/17/2019,1 kWh,kWh,388.92,406.14,396.48,399.42,358.68,389.34,368.34,376.32,346.92,336.0,336.0,332.64,355.74,388.08,425.04,380.1,393.54,370.86,374.22,392.28,382.2,373.8,385.56,377.16
1403187030A 700132,5/18/2019,1 kWh,kWh,408.24,406.98,416.22,386.82,417.06,393.12,387.24,391.44,401.94,363.72,353.64,369.6,375.9,370.44,382.62,390.18,388.08,406.56,384.3,361.2,388.08,374.64,388.5,388.92
1403187030A 700132,5/19/2019,1 kWh,kWh,422.1,418.74,399.84,409.92,402.36,387.66,318.78,218.82,210.84,220.5,217.14,221.34,216.72,212.52,202.86,203.28,207.9,213.78,204.96,207.9,215.46,215.04,219.66,212.52
1403187030A 700132,5/20/2019,1 kWh,kWh,217.56,224.7,229.32,216.3,256.2,266.28,371.28,391.44,405.3,425.88,428.82,443.52,439.74,451.5,394.8,398.16,400.68,404.46,395.22,383.46,412.86,425.88,400.26,414.12
1403187030A 700132,5/21/2019,1 kWh,kWh,423.36,412.44,411.18,408.66,368.34,345.66,300.3,353.64,387.24,378.0,366.24,388.92,409.08,401.52,414.96,397.32,402.78,399.42,389.76,381.78,387.24,407.82,395.64,394.38
1403187030A 700132,5/22/2019,1 kWh,kWh,414.96,432.18,429.66,432.18,404.04,364.98,359.94,359.1,368.34,384.72,376.32,386.4,381.36,381.36,385.14,378.42,393.96,424.2,417.48,411.18,416.22,438.48,427.98,409.92
1403187030A 700132,5/23/2019,1 kWh,kWh,410.76,409.08,407.4,396.06,378.0,347.34,349.02,341.88,351.12,368.76,351.54,380.94,380.94,393.96,417.06,415.38,407.82,411.18,427.56,426.3,413.28,453.18,429.66,422.52
1403187030A 700132,5/24/2019,1 kWh,kWh,430.08,420.42,408.24,385.14,417.9,407.82,380.52,356.58,372.12,361.62,361.62,352.8,328.02,352.8,343.56,345.24,397.32,380.94,378.42,374.64,380.1,399.84,387.24,394.38
1403187030A 700132,5/25/2019,1 kWh,kWh,398.16,408.24,405.72,419.58,412.44,399.0,380.52,370.02,398.16,393.96,397.32,373.8,373.8,399.84,409.08,392.7,411.6,414.54,406.14,395.22,399.0,401.1,383.46,404.88
1403187030A 700132,5/26/2019,1 kWh,kWh,414.54,427.56,425.88,412.86,404.46,396.06,382.2,341.46,249.48,233.52,221.76,218.82,220.08,215.46,212.1,219.24,217.14,222.6,217.14,219.66,225.12,226.38,235.62,225.96
1403187030A 700132,5/27/2019,1 kWh,kWh,229.74,240.24,232.26,236.88,223.86,259.14,309.12,317.52,346.08,384.72,382.62,379.68,378.0,396.9,393.96,384.3,385.14,406.98,393.96,388.92,391.86,383.88,377.16,378.42
1403187030A 700132,5/28/2019,1 kWh,kWh,388.5,398.16,406.98,407.82,399.42,349.02,339.78,335.16,352.38,380.52,401.1,405.3,410.34,420.84,398.58,388.08,388.92,390.18,384.72,378.0,408.24,410.76,380.52,369.18
1403187030A 700132,5/29/2019,1 kWh,kWh,409.5,404.04,388.5,389.76,354.9,321.72,328.02,348.18,361.62,344.82,370.86,370.86,353.64,369.6,370.44,361.62,362.46,371.28,377.16,373.38,360.36,361.2,363.3,359.94
1403187030A 700132,5/30/2019,1 kWh,kWh,370.86,391.44,374.22,396.48,330.96,291.06,282.66,281.4,300.72,365.82,370.86,349.86,330.96,319.62,354.06,406.98,404.46,380.1,371.28,384.3,417.9,398.16,425.88,387.24
1403187030A 700132,5/31/2019,1 kWh,kWh,324.66,267.12,272.16,283.08,322.56,278.04,267.12,309.96,318.36,365.82,383.46,383.46,389.76,388.5,404.04,389.76,411.6,402.36,351.96,380.94,393.12,412.02,421.68,441.0
1403187030A 700132,6/1/2019,1 kWh,kWh,420.84,425.88,420.0,382.2,366.66,351.12,284.76,288.54,280.14,284.34,328.02,375.9,385.14,391.86,379.68,377.58,389.34,378.42,387.24,375.06,379.68,367.5,364.56,366.24
1403187030A 700132,6/2/2019,1 kWh,kWh,366.24,272.16,255.36,253.68,256.62,247.38,225.12,210.0,213.78,222.6,225.54,225.12,225.54,255.78,272.58,352.8,375.06,364.14,354.48,357.84,360.36,366.24,356.16,366.24
1403187030A 700132,6/3/2019,1 kWh,kWh,359.52,364.14,278.46,262.08,251.16,260.4,276.78,304.5,413.7,399.84,400.68,402.78,403.62,407.82,413.28,417.48,428.4,409.08,394.8,383.88,385.56,395.22,380.1,365.4
1403187030A 700132,6/4/2019,1 kWh,kWh,367.5,367.5,371.7,396.9,376.32,299.04,294.84,284.34,325.92,331.8,342.3,340.2,346.92,348.6,335.58,339.36,339.36,360.78,343.98,336.84,334.32,373.38,355.74,359.1
1403187030A 700132,6/5/2019,1 kWh,kWh,349.44,334.32,317.1,328.02,315.42,308.7,308.7,316.68,342.3,346.08,361.2,351.54,354.48,359.94,341.88,349.02,351.54,350.7,337.26,344.4,354.9,429.66,439.74,440.58
1403187030A 700132,6/6/2019,1 kWh,kWh,448.14,446.88,399.0,382.2,381.36,375.48,364.14,356.16,370.86,416.64,406.98,398.16,404.04,412.02,412.44,407.82,420.84,429.24,425.04,413.28,406.98,392.7,412.44,400.26
1403187030A 700132,6/7/2019,1 kWh,kWh,391.86,401.52,375.06,370.44,362.04,353.22,340.2,325.08,401.52,407.82,392.28,396.9,408.66,416.22,401.94,406.14,415.38,414.54,421.26,391.86,372.12,399.84,384.72,376.74
1403187030A 700132,6/8/2019,1 kWh,kWh,374.64,372.54,375.9,368.76,373.8,370.44,372.54,368.76,361.2,343.98,319.2,258.72,246.54,233.52,227.64,235.2,233.94,228.06,224.7,223.02,226.8,226.8,223.44,223.02
1403187030A 700132,6/9/2019,1 kWh,kWh,217.14,208.74,215.46,212.94,213.78,201.18,202.44,194.46,201.18,206.64,217.56,211.26,210.42,220.08,256.62,339.78,365.82,359.94,354.9,341.88,347.34,350.28,343.14,338.52
1403187030A 700132,6/10/2019,1 kWh,kWh,339.78,372.54,345.24,363.3,356.58,336.0,314.16,320.04,367.5,372.12,387.24,401.1,425.46,417.06,420.0,429.24,431.34,435.96,424.2,416.64,410.34,411.6,399.42,417.06
1403187030A 700132,6/11/2019,1 kWh,kWh,415.8,426.72,404.88,388.5,391.02,370.86,338.94,351.54,399.42,396.06,394.38,395.64,407.4,418.74,405.3,412.44,377.16,413.28,411.6,406.98,410.76,438.06,431.34,427.98
1403187030A 700132,6/12/2019,1 kWh,kWh,433.86,368.76,338.94,328.02,328.44,315.0,338.1,353.64,378.84,375.9,376.74,355.74,344.82,371.7,388.5,399.42,407.4,428.4,414.12,410.34,410.76,370.86,371.7,396.48
1403187030A 700132,6/13/2019,1 kWh,kWh,401.52,377.16,365.4,344.4,322.56,317.1,346.5,377.58,407.4,409.08,400.26,406.56,409.92,424.62,436.38,409.08,437.64,404.46,452.76,431.76,431.34,442.68,407.4,388.5
1403187030A 700132,6/14/2019,1 kWh,kWh,385.98,366.24,334.32,334.74,330.54,291.06,362.88,388.08,377.58,337.26,356.16,355.74,347.76,354.06,345.66,373.38,403.62,393.54,399.42,393.54,390.18,390.18,380.1,381.36
1403187030A 700132,6/15/2019,1 kWh,kWh,385.98,381.78,380.1,375.06,355.32,359.1,317.52,238.14,229.74,238.14,228.9,228.9,230.16,230.16,231.0,231.0,231.84,231.0,225.96,220.92,214.2,218.4,219.24,217.56
1403187030A 700132,6/16/2019,1 kWh,kWh,220.92,224.28,225.96,218.82,217.14,207.9,202.44,199.92,210.84,205.8,219.24,207.06,211.68,229.32,249.06,345.66,349.02,348.18,349.02,349.02,348.6,346.08,315.0,338.1
1403187030A 700132,6/17/2019,1 kWh,kWh,377.16,358.68,366.66,365.82,350.7,318.36,314.58,338.94,354.9,400.68,405.3,419.16,413.28,423.36,420.84,415.38,417.06,417.48,395.22,403.2,401.52,401.1,392.28,389.76
1403187030A 700132,6/18/2019,1 kWh,kWh,421.26,407.82,399.84,408.24,386.82,336.84,285.18,327.6,388.08,409.08,447.3,433.02,417.9,462.84,456.12,460.74,459.06,456.54,428.82,426.72,426.3,403.62,399.42,388.92
1403187030A 700132,6/19/2019,1 kWh,kWh,353.64,392.28,372.54,352.8,337.68,271.32,287.28,331.8,341.88,349.02,343.56,346.08,354.48,323.82,322.14,317.1,313.74,313.74,313.32,306.6,310.8,360.36,352.8,342.72
1403187030A 700132,6/20/2019,1 kWh,kWh,406.14,355.32,336.84,309.96,280.14,284.76,345.66,375.48,392.7,398.16,395.22,399.42,382.62,381.78,405.3,396.9,417.48,404.46,408.66,415.8,402.78,435.12,431.34,425.04
1403187030A 700132,6/21/2019,1 kWh,kWh,409.08,409.5,400.26,394.38,381.78,356.58,345.66,349.44,351.54,408.24,396.48,409.92,413.28,406.56,408.66,413.28,405.72,411.6,383.04,389.34,382.62,397.74,387.66,371.7
1403187030A 700132,6/22/2019,1 kWh,kWh,401.1,398.58,398.58,392.28,379.68,375.06,345.66,326.34,330.96,317.94,327.18,262.92,227.22,226.38,220.92,225.54,223.86,219.66,216.72,212.94,215.46,228.48,215.46,222.18
1403187030A 700132,6/23/2019,1 kWh,kWh,219.24,229.74,219.66,217.14,215.04,209.16,210.42,203.28,214.2,215.04,212.52,215.04,216.3,218.82,249.9,309.96,303.66,295.26,285.6,290.64,294.0,291.9,310.8,314.16
1403187030A 700132,6/24/2019,1 kWh,kWh,319.62,320.46,336.0,361.2,364.14,365.82,358.26,324.24,333.06,370.02,392.28,411.18,454.02,472.08,470.4,497.7,486.36,482.58,474.6,466.2,460.32,456.96,470.4,450.66
1403187030A 700132,6/25/2019,1 kWh,kWh,433.86,429.66,421.26,415.38,417.06,419.58,413.7,399.42,407.4,422.94,422.94,412.44,393.54,451.92,454.44,407.4,434.7,430.92,426.3,417.9,418.32,477.54,421.68,423.78
1403187030A 700132,6/26/2019,1 kWh,kWh,407.82,386.82,411.6,442.26,401.1,369.18,364.14,373.38,365.4,353.22,370.44,379.26,385.98,396.48,391.02,390.18,363.72,377.16,375.48,374.64,380.94,398.16,378.84,356.16
1403187030A 700132,6/27/2019,1 kWh,kWh,388.5,404.04,391.86,391.02,392.28,402.36,398.58,342.72,330.54,294.84,325.5,338.52,342.3,350.7,365.82,342.72,341.46,362.46,422.52,435.96,420.0,417.06,455.28,425.88
1403187030A 700132,6/28/2019,1 kWh,kWh,446.46,470.82,440.58,425.88,401.1,389.76,396.06,363.72,404.88,456.12,451.92,416.22,418.74,420.0,411.18,417.06,418.32,420.0,417.48,406.98,405.3,400.26,401.94,393.54
1403187030A 700132,6/29/2019,1 kWh,kWh,387.24,393.54,390.18,382.2,370.44,407.82,451.92,414.96,359.52,356.16,309.54,304.08,264.6,251.58,252.0,246.12,256.2,247.38,252.0,243.18,239.82,241.08,244.86,231.84
1403187030A 700132,6/30/2019,1 kWh,kWh,235.2,235.62,227.64,229.74,216.72,212.52,215.46,218.82,214.2,210.84,213.78,208.74,215.46,231.42,261.24,338.1,375.48,373.8,348.6,356.16,358.26,349.02,363.3,359.1
1403187030A 700132,7/1/2019,1 kWh,kWh,364.56,371.7,383.46,355.32,342.72,273.84,280.98,304.5,383.88,385.56,402.36,406.14,424.2,375.48,373.8,381.36,372.96,362.46,358.68,350.7,351.96,342.3,341.88,332.64
1403187030A 700132,7/2/2019,1 kWh,kWh,337.26,338.94,372.96,355.32,325.5,320.04,319.2,296.1,317.1,323.4,312.06,320.88,330.54,373.38,406.14,409.5,413.7,417.9,408.24,401.52,436.38,440.58,402.36,403.62
1403187030A 700132,7/3/2019,1 kWh,kWh,401.1,434.7,423.36,446.46,438.48,362.04,385.14,362.46,352.8,352.38,357.42,353.22,359.52,363.72,363.72,370.44,359.52,364.98,400.68,395.64,388.5,378.84,342.72,335.58
1403187030A 700132,7/4/2019,1 kWh,kWh,342.72,396.9,365.4,372.54,402.78,408.66,386.82,412.86,420.42,351.12,362.88,372.54,427.56,429.24,441.0,441.84,429.24,451.5,466.2,465.36,465.36,469.56,429.24,440.58
1403187030A 700132,7/5/2019,1 kWh,kWh,430.5,396.9,390.6,395.64,395.22,384.3,376.74,413.7,448.14,392.7,380.94,426.72,436.8,440.16,433.86,449.82,443.94,451.92,443.1,438.48,439.32,437.64,435.12,425.04
1403187030A 700132,7/6/2019,1 kWh,kWh,389.76,369.18,396.9,414.96,360.78,349.44,346.5,350.28,355.32,385.14,389.34,342.3,330.96,325.92,278.04,268.38,262.08,259.98,249.9,247.8,251.58,252.42,246.96,251.16
1403187030A 700132,7/7/2019,1 kWh,kWh,246.54,250.32,249.06,241.92,235.2,237.3,218.82,220.92,219.66,228.06,229.32,216.72,225.54,256.62,273.84,312.48,317.52,307.44,312.48,304.08,311.22,308.28,303.66,299.04
1403187030A 700132,7/8/2019,1 kWh,kWh,306.6,315.84,354.48,336.0,331.8,313.74,321.3,353.64,341.88,343.56,352.8,351.96,385.98,420.0,414.12,430.08,433.02,402.36,395.22,457.38,469.98,448.14,416.64,426.72
1403187030A 700132,7/9/2019,1 kWh,kWh,422.1,426.3,439.32,452.34,433.86,427.14,405.3,407.4,417.06,406.14,354.06,361.2,350.28,366.66,356.58,395.64,406.98,393.12,434.28,423.78,421.26,417.9,413.7,401.94
1403187030A 700132,7/10/2019,1 kWh,kWh,403.62,443.52,435.96,421.68,427.56,403.62,381.36,373.38,397.74,398.16,410.34,416.22,383.46,367.5,392.28,385.98,411.6,434.28,416.22,407.82,409.92,388.92,395.22,407.4
1403187030A 700132,7/11/2019,1 kWh,kWh,386.82,388.92,391.44,381.78,389.76,397.74,433.44,402.78,399.0,398.16,411.6,419.58,377.58,388.08,427.14,432.18,451.5,442.68,422.52,420.84,431.34,423.36,416.64,410.76
1403187030A 700132,7/12/2019,1 kWh,kWh,394.8,404.04,343.56,341.04,391.02,372.54,341.46,362.46,340.2,369.6,349.02,329.7,346.08,368.34,378.42,408.66,415.8,443.52,427.14,437.22,428.4,430.5,413.28,399.0
1403187030A 700132,7/13/2019,1 kWh,kWh,409.5,414.12,399.0,399.84,396.48,380.94,373.38,370.86,395.22,386.82,396.06,388.92,354.06,315.84,273.0,252.84,256.2,244.02,244.44,249.48,238.98,244.44,239.82,236.88
1403187030A 700132,7/14/2019,1 kWh,kWh,235.62,228.48,223.86,232.68,236.04,223.44,223.86,213.78,216.3,220.08,224.28,221.76,224.28,244.86,273.84,347.34,333.06,326.34,337.68,328.44,333.48,329.28,328.44,328.44
1403187030A 700132,7/15/2019,1 kWh,kWh,317.1,321.3,314.58,294.42,274.26,275.94,302.82,327.6,351.12,363.72,370.86,371.7,405.72,438.9,432.6,438.06,441.0,446.46,423.78,420.84,420.84,420.42,410.34,390.18
1403187030A 700132,7/16/2019,1 kWh,kWh,383.46,378.42,393.96,416.64,393.96,378.42,388.08,364.56,357.0,429.66,479.64,493.92,501.06,511.14,506.52,502.74,485.52,504.42,483.0,469.98,483.42,480.9,452.34,465.78
1403187030A 700132,7/17/2019,1 kWh,kWh,464.52,486.36,464.52,459.9,456.54,431.76,424.2,429.66,473.34,454.86,488.88,426.3,421.26,440.58,427.56,416.64,420.42,418.74,406.98,442.26,398.58,395.22,401.52,409.08
1403187030A 700132,7/18/2019,1 kWh,kWh,400.68,401.1,397.32,398.58,398.58,398.16,398.16,390.6,413.7,409.5,392.28,384.72,324.66,407.82,409.5,412.44,425.88,416.64,413.7,407.82,403.62,406.14,399.0,401.94
1403187030A 700132,7/19/2019,1 kWh,kWh,403.62,409.08,401.1,427.14,418.74,387.24,446.04,372.54,377.16,349.86,343.98,354.48,404.88,439.32,435.12,434.7,430.08,443.94,429.24,426.3,422.94,422.52,426.72,416.64
1403187030A 700132,7/20/2019,1 kWh,kWh,415.8,413.28,420.84,406.14,401.1,409.08,480.06,408.24,406.14,350.7,326.34,320.04,299.46,265.02,262.92,252.84,261.66,252.0,245.7,244.86,250.74,253.68,240.66,242.76
1403187030A 700132,7/21/2019,1 kWh,kWh,235.62,254.94,239.4,230.16,233.1,233.52,231.84,236.04,244.44,241.92,239.82,236.04,238.98,270.06,322.56,356.58,347.76,340.62,329.28,350.7,333.48,340.2,334.74,331.38
1403187030A 700132,7/22/2019,1 kWh,kWh,330.96,338.1,349.02,379.26,343.56,339.36,331.8,381.36,396.9,406.56,419.58,433.02,422.52,427.14,413.28,430.5,429.66,435.12,411.6,409.08,414.96,411.6,406.98,404.04
1403187030A 700132,7/23/2019,1 kWh,kWh,401.1,393.54,403.62,462.42,425.88,392.7,368.76,305.34,368.76,390.6,396.48,385.98,388.08,406.56,401.1,391.44,396.48,403.62,402.78,390.6,454.02,481.32,451.92,389.34
1403187030A 700132,7/24/2019,1 kWh,kWh,393.12,387.24,389.76,388.08,340.62,336.0,338.94,401.94,415.8,400.68,408.24,417.48,418.32,428.4,425.04,430.08,417.48,435.12,409.08,467.04,481.74,470.82,413.7,387.66
1403187030A 700132,7/25/2019,1 kWh,kWh,381.78,343.56,377.58,373.8,335.58,316.26,282.66,354.06,383.88,394.8,411.18,424.2,424.62,422.52,427.56,438.06,433.86,426.3,420.0,405.3,427.56,479.22,465.78,475.02
1403187030A 700132,7/26/2019,1 kWh,kWh,470.82,393.96,388.08,353.22,331.8,328.44,367.92,387.66,413.28,411.6,424.2,429.66,412.44,412.02,408.24,409.5,424.62,412.86,405.3,401.1,399.42,394.8,389.76,345.24
1403187030A 700132,7/27/2019,1 kWh,kWh,325.08,323.4,314.58,311.22,275.52,247.8,236.46,237.72,233.1,241.5,237.3,244.02,244.44,245.7,237.72,239.4,247.8,240.24,234.36,234.36,227.64,226.38,225.12,218.4
1403187030A 700132,7/28/2019,1 kWh,kWh,226.38,233.52,220.92,221.76,220.92,218.4,212.52,216.72,223.02,221.34,223.44,229.32,231.0,244.86,295.68,324.24,330.12,322.98,322.56,313.32,310.8,310.38,307.02,294.0
1403187030A 700132,7/29/2019,1 kWh,kWh,305.76,303.24,307.02,304.92,283.08,262.5,262.5,268.38,344.82,354.06,355.32,357.0,355.32,366.24,369.6,357.84,352.8,370.02,359.94,354.06,394.8,409.92,383.46,396.48
1403187030A 700132,7/30/2019,1 kWh,kWh,377.16,349.86,383.88,331.8,323.4,316.26,301.56,320.88,333.06,334.32,363.3,362.46,360.36,342.72,345.24,346.92,355.32,339.78,336.84,328.02,333.06,328.86,333.06,333.48
1403187030A 700132,7/31/2019,1 kWh,kWh,312.9,314.16,317.1,305.76,288.96,280.14,274.26,288.12,327.18,357.42,354.48,357.84,354.06,353.64,350.7,348.18,351.96,337.26,331.8,342.72,333.06,353.64,329.28,323.4
1403187030A 700132,8/1/2019,1 kWh,kWh,305.76,310.38,309.96,305.34,271.32,259.56,255.78,271.32,301.56,316.68,328.86,347.34,338.52,375.06,401.1,398.16,395.22,367.5,405.3,386.4,361.2,327.6,330.12,325.08
1403187030A 700132,8/2/2019,1 kWh,kWh,358.68,339.78,344.4,315.84,283.08,260.4,295.26,352.38,389.34,404.46,382.2,346.08,361.2,364.14,377.58,365.82,409.5,409.08,418.32,387.24,381.78,388.92,379.26,375.06
1403187030A 700132,8/3/2019,1 kWh,kWh,336.84,335.58,309.96,305.76,301.98,280.98,272.58,248.22,228.9,241.92,236.04,233.94,241.92,241.08,244.44,241.5,233.52,236.88,227.64,236.04,226.8,221.34,230.58,212.1
1403187030A 700132,8/4/2019,1 kWh,kWh,211.68,222.6,214.2,214.62,212.1,205.38,206.64,203.7,208.32,215.04,213.78,212.94,210.0,228.48,276.78,295.26,307.02,284.76,287.7,291.48,289.38,282.66,287.28,288.96
1403187030A 700132,8/5/2019,1 kWh,kWh,292.32,302.82,303.24,300.72,282.24,264.18,252.0,274.68,307.02,331.38,341.04,341.46,332.22,347.34,339.36,339.36,341.46,339.36,330.12,367.5,385.14,367.92,363.3,348.18
1403187030A 700132,8/6/2019,1 kWh,kWh,374.64,372.12,371.28,385.14,322.56,296.1,262.5,280.56,330.96,336.0,332.64,321.72,309.96,329.28,327.18,328.86,359.1,380.94,375.06,361.62,365.82,337.68,424.2,378.0
1403187030A 700132,8/7/2019,1 kWh,kWh,350.7,323.4,299.46,303.66,338.52,331.8,330.54,342.72,370.44,375.9,342.3,346.08,378.42,359.52,366.66,321.72,334.74,369.6,394.8,435.12,443.94,438.06,424.2,339.78
1403187030A 700132,8/8/2019,1 kWh,kWh,404.46,422.94,379.26,326.34,302.82,299.46,296.1,350.28,367.08,369.18,370.02,368.34,322.14,325.08,349.02,388.08,396.06,393.54,393.96,365.82,437.64,436.38,415.8,369.6
1403187030A 700132,8/9/2019,1 kWh,kWh,336.84,370.86,351.54,359.52,318.36,333.06,353.64,370.02,379.68,386.82,338.52,334.74,341.88,372.12,381.36,399.0,412.02,406.14,384.3,374.64,391.02,412.02,443.1,393.54
1403187030A 700132,8/10/2019,1 kWh,kWh,426.3,388.92,380.1,317.1,288.12,248.22,218.82,210.84,204.12,212.94,223.44,219.66,219.24,215.04,221.34,219.66,218.4,213.36,222.6,217.14,209.58,211.68,211.68,209.16
1403187030A 700132,8/11/2019,1 kWh,kWh,209.58,215.46,204.54,193.62,200.76,199.92,185.64,185.22,189.42,192.36,202.86,195.3,195.3,216.72,269.64,286.44,283.08,276.78,279.72,273.84,278.04,271.74,283.08,270.06
1403187030A 700132,8/12/2019,1 kWh,kWh,278.46,282.24,278.04,266.28,236.88,238.14,276.36,297.78,306.18,333.9,397.74,381.78,380.52,369.6,370.44,340.2,346.5,388.08,385.14,313.32,359.52,364.98,361.2,365.4
1403187030A 700132,8/13/2019,1 kWh,kWh,370.44,355.32,359.52,347.34,368.76,345.24,320.04,332.64,355.74,368.34,372.54,352.8,342.3,358.68,410.76,373.8,401.1,403.62,365.4,379.26,320.88,337.26,409.5,449.4
1403187030A 700132,8/14/2019,1 kWh,kWh,405.72,372.96,330.12,366.24,343.56,346.92,336.84,351.54,333.9,360.78,390.6,390.18,399.84,407.4,405.72,396.06,388.08,391.86,388.08,379.68,392.28,376.32,372.12,365.4
1403187030A 700132,8/15/2019,1 kWh,kWh,359.1,362.04,355.74,348.18,359.1,395.64,416.22,376.32,363.3,347.34,364.56,378.84,375.06,407.82,396.48,397.32,399.84,402.36,380.52,379.68,381.78,373.8,367.08,370.02
1403187030A 700132,8/16/2019,1 kWh,kWh,361.62,408.24,425.88,438.06,349.02,334.74,343.98,348.18,370.44,373.8,383.46,402.36,399.0,404.46,398.58,398.16,367.5,392.28,380.1,386.82,362.46,319.2,315.0,311.22
1403187030A 700132,8/17/2019,1 kWh,kWh,311.22,312.06,302.82,297.36,288.12,284.34,280.98,242.76,223.44,225.96,235.62,238.56,231.0,228.9,227.64,232.68,238.98,228.9,228.48,225.54,227.22,216.3,227.22,217.14
1403187030A 700132,8/18/2019,1 kWh,kWh,215.04,223.86,215.88,223.44,210.84,217.14,205.8,202.86,212.94,199.5,206.64,208.74,212.52,230.58,253.68,291.9,296.94,288.54,294.0,299.88,302.82,304.5,302.82,313.32
1403187030A 700132,8/19/2019,1 kWh,kWh,295.68,301.98,307.86,306.6,315.0,307.44,278.04,274.68,309.54,346.08,374.64,394.8,399.42,400.68,394.8,396.9,404.04,393.12,383.88,377.16,390.18,387.66,383.04,376.74
1403187030A 700132,8/20/2019,1 kWh,kWh,358.68,363.3,369.18,357.42,301.14,301.98,300.72,315.0,312.06,316.68,331.8,325.92,331.38,346.5,341.04,342.3,340.2,334.32,332.64,327.18,331.38,319.2,320.04,313.32
1403187030A 700132,8/21/2019,1 kWh,kWh,317.94,325.5,311.22,316.68,311.22,301.56,273.42,301.56,317.1,308.7,295.26,295.26,290.64,334.74,327.18,327.6,320.04,313.74,307.44,310.38,318.36,303.66,331.8,320.04
1403187030A 700132,8/22/2019,1 kWh,kWh,360.36,378.42,342.72,281.82,291.9,356.58,350.28,328.02,291.48,284.76,290.64,315.0,341.88,349.44,348.18,337.68,341.88,329.28,339.78,338.94,400.68,336.0,348.6,317.94
1403187030A 700132,8/23/2019,1 kWh,kWh,319.2,315.0,308.7,313.74,301.56,298.62,315.42,323.4,294.42,304.08,306.18,371.28,409.5,340.2,377.16,349.86,345.24,354.48,345.24,322.56,326.76,315.42,306.6,309.96
1403187030A 700132,8/24/2019,1 kWh,kWh,308.7,309.54,315.42,303.24,308.7,313.32,286.44,308.7,361.2,359.94,364.98,294.84,276.78,268.8,260.82,225.96,223.44,227.22,214.62,218.82,211.26,203.28,208.32,217.14
1403187030A 700132,8/25/2019,1 kWh,kWh,211.26,219.66,207.9,202.86,213.78,215.88,204.54,201.18,206.22,210.0,214.62,207.9,214.62,218.4,287.7,343.98,349.86,301.56,300.3,300.3,291.9,285.6,285.18,294.0
1403187030A 700132,8/26/2019,1 kWh,kWh,287.28,296.1,304.5,308.7,305.34,296.52,283.92,286.86,309.96,309.54,306.18,321.72,321.3,354.9,346.5,341.04,350.28,340.2,348.18,380.52,380.94,380.1,363.72,367.5
1403187030A 700132,8/27/2019,1 kWh,kWh,371.7,384.3,369.18,361.2,357.42,415.38,401.1,368.76,375.06,373.38,373.8,357.42,397.32,414.12,397.32,386.82,393.96,391.86,385.14,370.02,375.48,370.02,377.16,364.14
1403187030A 700132,8/28/2019,1 kWh,kWh,370.86,363.3,357.42,354.48,354.9,314.16,279.72,278.04,302.4,341.04,328.44,366.66,375.9,379.26,367.08,365.82,370.44,377.16,359.94,338.1,349.44,387.24,425.46,394.38
1403187030A 700132,8/29/2019,1 kWh,kWh,300.72,370.44,360.78,344.4,330.12,327.18,330.96,343.98,341.46,359.1,360.78,370.86,394.38,384.72,348.18,411.6,433.02,379.26,367.92,375.06,370.86,374.22,363.3,371.28
1403187030A 700132,8/30/2019,1 kWh,kWh,433.44,422.1,422.52,425.46,418.32,411.18,410.34,399.42,372.12,362.46,371.28,389.34,400.68,400.68,399.84,404.88,467.04,470.82,443.1,446.46,447.72,435.96,432.18,427.14
1403187030A 700132,8/31/2019,1 kWh,kWh,433.02,437.22,439.74,438.06,435.54,412.44,386.82,370.44,420.84,391.86,354.06,284.76,283.92,273.42,284.34,286.44,267.96,269.22,254.1,236.88,233.1,233.52,228.9,215.46
1403187030A 700132,9/1/2019,1 kWh,kWh,207.06,220.92,212.52,207.48,212.1,211.26,209.58,201.6,207.48,206.64,207.06,221.34,230.58,237.72,278.04,336.84,361.2,315.42,299.46,295.26,305.76,299.04,298.2,298.62
1403187030A 700132,9/2/2019,1 kWh,kWh,297.36,306.6,295.26,288.96,289.8,287.7,258.72,231.0,237.72,269.64,286.44,296.1,304.92,318.78,301.56,316.68,321.3,322.98,315.42,311.22,311.64,319.62,364.56,365.4
1403187030A 700132,9/3/2019,1 kWh,kWh,333.48,360.36,358.26,283.92,281.4,283.08,266.7,288.12,331.38,338.52,380.94,373.38,383.46,390.6,363.72,377.16,387.24,388.08,390.18,387.66,372.54,438.9,428.4,427.56
1403187030A 700132,9/4/2019,1 kWh,kWh,421.26,414.96,396.06,354.9,343.14,329.28,315.42,341.88,372.54,383.46,413.28,424.62,415.8,388.92,432.6,367.08,393.96,408.24,432.6,415.38,393.54,399.0,381.78,359.52
1403187030A 700132,9/5/2019,1 kWh,kWh,366.24,366.66,362.88,364.56,354.9,344.4,325.08,341.88,359.1,375.06,392.28,397.74,402.36,404.46,395.22,401.1,376.32,338.94,326.76,373.8,384.72,393.96,366.24,369.18
1403187030A 700132,9/6/2019,1 kWh,kWh,373.8,366.24,368.76,361.2,350.7,340.62,335.16,361.2,339.78,373.8,417.48,427.14,414.96,469.14,462.84,459.48,455.7,446.04,441.0,441.0,459.48,434.7,425.88,422.52
1403187030A 700132,9/7/2019,1 kWh,kWh,419.58,391.86,291.9,350.7,367.5,358.68,381.78,288.96,265.86,271.74,223.02,210.42,212.1,222.18,226.8,225.12,226.8,227.22,220.5,224.7,222.18,217.98,210.42,200.76
1403187030A 700132,9/8/2019,1 kWh,kWh,193.62,195.72,193.2,192.36,197.4,198.66,187.74,188.58,195.72,202.44,207.06,206.64,215.04,243.6,267.12,350.28,350.28,353.22,347.76,354.48,341.04,336.84,335.16,329.28
1403187030A 700132,9/9/2019,1 kWh,kWh,327.6,337.68,336.84,334.32,337.26,335.16,338.1,342.3,313.74,277.2,350.28,381.36,375.9,388.92,380.94,404.46,400.26,386.82,366.24,378.42,377.58,372.12,361.2,374.64
1403187030A 700132,9/10/2019,1 kWh,kWh,374.22,440.16,410.76,354.48,310.8,337.68,278.88,286.44,307.86,327.6,334.32,330.12,320.46,345.66,336.0,347.34,385.14,386.82,376.74,386.82,390.18,352.8,420.42,418.32
1403187030A 700132,9/11/2019,1 kWh,kWh,413.7,362.04,363.3,334.74,320.88,322.56,288.12,284.76,362.46,366.24,401.1,392.7,431.34,425.46,418.32,357.42,377.58,399.84,384.3,388.5,377.16,401.52,438.9,385.14
1403187030A 700132,9/12/2019,1 kWh,kWh,398.16,370.02,372.96,367.5,373.38,370.86,417.06,391.44,406.14,415.38,417.06,459.48,387.66,480.06,488.88,475.02,465.78,469.56,465.36,451.92,446.46,447.72,453.6,444.78
1403187030A 700132,9/13/2019,1 kWh,kWh,430.5,407.82,367.08,360.78,357.42,350.28,303.24,329.28,357.0,377.58,399.42,396.9,409.08,406.98,405.3,405.3,407.82,393.12,375.06,375.48,369.18,358.26,366.24,362.04
1403187030A 700132,9/14/2019,1 kWh,kWh,325.08,340.62,343.56,402.78,407.4,296.1,319.62,311.64,312.9,257.04,233.1,214.2,220.5,212.52,214.62,216.3,224.28,230.16,224.7,226.8,222.18,216.72,220.08,217.14
1403187030A 700132,9/15/2019,1 kWh,kWh,215.88,219.24,211.68,212.52,212.52,202.86,188.16,188.58,200.34,207.9,217.56,210.42,225.12,243.18,311.22,372.12,370.02,365.82,348.6,370.44,378.42,370.44,363.72,349.44
1403187030A 700132,9/16/2019,1 kWh,kWh,335.58,357.42,358.26,370.86,364.14,350.28,333.9,314.58,309.54,349.02,351.54,400.68,400.68,411.18,398.58,404.46,396.06,406.14,384.3,393.54,388.92,366.24,362.04,362.46
1403187030A 700132,9/17/2019,1 kWh,kWh,359.94,368.76,358.26,359.94,341.46,343.56,346.5,368.76,332.64,328.86,329.7,343.56,405.3,406.56,409.92,389.76,415.8,406.56,385.56,386.4,379.68,414.54,446.88,417.9
1403187030A 700132,9/18/2019,1 kWh,kWh,414.54,441.0,429.24,356.16,381.36,320.04,322.14,370.02,373.8,317.1,348.6,379.26,387.24,395.22,395.22,391.86,385.14,401.1,381.36,376.74,446.46,451.5,435.96,432.6
1403187030A 700132,9/19/2019,1 kWh,kWh,444.36,389.76,392.28,363.3,314.58,322.56,296.1,280.98,351.12,375.9,384.3,380.94,375.06,401.94,406.98,405.3,417.48,430.5,468.72,463.68,452.76,454.86,448.56,443.52
1403187030A 700132,9/20/2019,1 kWh,kWh,389.76,312.06,318.78,317.52,293.58,283.92,286.86,289.38,285.6,364.56,393.54,380.52,382.2,381.36,392.7,389.34,392.28,396.06,385.14,388.08,371.7,360.36,357.84,356.58
1403187030A 700132,9/21/2019,1 kWh,kWh,365.4,355.74,378.42,337.26,315.84,320.04,288.96,212.1,198.66,204.54,213.36,212.1,226.38,227.64,234.78,222.6,219.66,217.14,213.78,216.3,215.88,214.2,217.14,210.0
1403187030A 700132,9/22/2019,1 kWh,kWh,200.76,203.28,203.7,195.3,199.08,194.88,190.26,184.38,191.52,187.74,205.8,208.32,203.7,219.24,276.78,301.98,302.82,295.68,293.16,299.04,290.22,283.92,288.54,288.54
1403187030A 700132,9/23/2019,1 kWh,kWh,294.84,305.76,307.44,362.04,357.42,338.94,324.66,323.4,319.2,376.74,401.1,405.72,398.58,383.04,351.12,353.64,351.54,346.08,330.54,335.16,342.3,325.92,315.84,324.66
1403187030A 700132,9/24/2019,1 kWh,kWh,322.14,325.5,309.12,359.1,288.54,290.64,309.54,276.78,274.26,274.26,294.0,324.66,338.94,341.04,352.38,347.34,378.42,352.38,340.62,342.72,347.34,318.36,343.14,333.9
1403187030A 700132,9/25/2019,1 kWh,kWh,354.9,381.78,320.88,325.5,319.2,295.26,299.88,282.66,263.34,351.12,371.28,342.72,327.6,326.76,326.34,346.92,369.6,324.24,328.86,326.34,364.98,414.12,386.4,401.52
1403187030A 700132,9/26/2019,1 kWh,kWh,415.8,391.44,356.58,317.94,301.14,283.5,277.2,284.76,346.92,373.8,338.94,330.54,338.1,336.84,337.26,347.34,351.12,397.74,404.46,391.86,391.44,382.62,391.02,383.04
1403187030A 700132,9/27/2019,1 kWh,kWh,351.54,353.22,338.94,341.88,307.44,299.46,329.28,317.1,367.08,393.12,393.12,393.54,409.5,418.74,418.32,401.94,389.76,382.62,377.16,392.7,417.06,446.04,454.86,455.7
1403187030A 700132,9/28/2019,1 kWh,kWh,387.24,357.84,352.8,360.36,356.16,354.06,343.14,332.22,341.04,346.5,345.66,353.64,355.32,340.62,252.42,233.52,224.7,225.54,210.0,214.62,211.26,203.7,210.42,199.08
1403187030A 700132,9/29/2019,1 kWh,kWh,203.28,215.46,197.82,206.22,207.06,202.02,203.7,196.98,201.6,201.6,205.8,211.26,225.96,239.4,298.62,363.3,362.46,370.02,369.18,369.18,359.1,354.9,362.88,359.94
1403187030A 700132,9/30/2019,1 kWh,kWh,365.4,357.42,352.38,343.56,311.64,307.02,345.66,366.24,381.36,384.72,390.18,393.12,388.92,395.64,395.64,395.22,394.38,379.26,370.44,378.0,450.24,432.18,425.04,394.8
1403187030A 700132,10/1/2019,1 kWh,kWh,360.36,373.8,365.4,333.9,312.48,316.26,353.22,381.36,388.5,385.56,426.3,422.52,425.88,430.08,440.16,423.78,438.06,434.7,433.86,425.04,423.36,379.68,412.86,366.66
1403187030A 700132,10/2/2019,1 kWh,kWh,364.14,371.28,363.72,357.42,363.3,362.88,382.62,415.38,445.62,449.82,464.1,399.0,427.56,417.06,407.82,401.94,418.74,440.16,440.16,421.68,412.02,396.9,383.46,363.72
1403187030A 700132,10/3/2019,1 kWh,kWh,343.14,369.18,351.12,375.48,344.82,330.12,363.3,378.42,390.6,426.72,399.42,407.82,396.48,385.14,376.74,417.48,390.18,425.88,420.0,402.36,410.76,392.7,402.78,399.84
1403187030A 700132,10/4/2019,1 kWh,kWh,397.32,392.7,393.12,382.62,372.12,358.68,378.84,412.44,395.64,344.4,388.08,407.4,400.68,411.6,409.92,408.24,436.38,426.3,432.6,435.54,423.36,404.88,408.66,363.72
1403187030A 700132,10/5/2019,1 kWh,kWh,390.18,373.8,337.68,350.7,336.84,325.08,300.72,250.32,251.16,238.14,233.1,227.64,225.12,218.4,220.5,222.18,213.78,218.82,210.0,209.16,215.88,210.0,210.42,206.64
1403187030A 700132,10/6/2019,1 kWh,kWh,207.48,208.74,206.22,212.94,207.9,204.54,199.5,195.3,188.16,184.8,190.68,196.56,230.16,237.3,272.58,344.4,350.7,333.48,343.14,346.92,355.32,346.5,353.64,353.22
1403187030A 700132,10/7/2019,1 kWh,kWh,378.84,379.68,372.54,381.78,335.58,284.76,284.76,324.66,392.28,420.0,409.08,390.18,396.06,404.04,379.26,393.54,432.6,431.34,421.26,419.58,422.94,406.98,404.04,406.14
1403187030A 700132,10/8/2019,1 kWh,kWh,405.3,363.3,364.14,348.18,349.02,347.34,328.86,377.58,393.54,388.08,391.86,406.14,413.7,404.88,396.48,398.58,392.7,402.78,385.56,382.62,402.78,418.32,402.36,390.6
1403187030A 700132,10/9/2019,1 kWh,kWh,375.06,370.02,314.58,336.42,342.72,320.88,273.84,354.9,410.34,406.56,385.98,372.96,371.28,383.04,362.46,404.04,396.06,396.06,384.72,391.86,403.62,397.32,372.96,338.94
1403187030A 700132,10/10/2019,1 kWh,kWh,336.42,315.84,320.46,297.78,287.7,286.44,286.44,295.68,314.58,314.58,352.8,371.28,362.46,370.44,328.86,347.34,391.86,404.88,401.1,402.78,405.72,390.18,391.86,390.6
1403187030A 700132,10/11/2019,1 kWh,kWh,391.44,387.24,374.22,389.76,348.18,327.6,322.56,340.62,377.58,372.12,383.46,401.1,378.42,374.64,370.44,372.96,389.76,380.94,373.8,364.14,382.62,393.12,406.14,379.26
1403187030A 700132,10/12/2019,1 kWh,kWh,398.58,399.0,407.82,381.36,291.48,281.82,283.5,265.02,250.32,231.42,226.38,205.38,203.7,210.42,204.12,191.52,202.44,202.44,205.8,205.8,204.12,205.38,204.96,210.84
1403187030A 700132,10/13/2019,1 kWh,kWh,210.42,214.62,205.8,203.28,208.32,206.22,208.32,194.46,189.84,188.58,186.9,187.74,193.2,202.44,204.12,200.34,198.66,201.6,200.76,199.5,197.4,210.0,271.74,359.52
1403187030A 700132,10/14/2019,1 kWh,kWh,351.54,340.62,337.68,308.7,300.72,322.98,334.32,330.54,387.24,389.34,384.72,391.02,396.06,402.78,402.36,385.98,398.16,392.28,394.8,427.14,430.08,422.1,390.6,361.62
1403187030A 700132,10/15/2019,1 kWh,kWh,301.98,284.34,280.14,252.42,271.74,305.76,338.1,382.2,383.04,372.96,334.32,312.9,325.08,330.96,322.56,340.2,388.5,380.94,380.94,401.1,406.14,404.46,408.66,385.98
1403187030A 700132,10/16/2019,1 kWh,kWh,340.2,354.06,322.14,301.98,302.4,304.08,315.0,337.26,386.4,366.24,324.66,315.84,317.1,321.3,318.78,333.48,344.82,375.48,383.88,365.4,367.08,343.56,327.6,328.86
1403187030A 700132,10/17/2019,1 kWh,kWh,317.52,316.26,315.84,309.96,306.18,302.82,296.94,289.38,363.72,357.42,329.7,339.36,331.38,324.66,331.8,324.24,321.72,313.32,319.62,357.0,361.62,353.22,349.44,353.22
1403187030A 700132,10/18/2019,1 kWh,kWh,332.64,342.3,308.7,290.22,305.76,293.58,304.92,317.1,338.94,357.0,357.0,368.34,340.2,371.28,370.86,375.48,377.16,375.48,369.18,356.58,373.38,385.98,397.74,341.04
1403187030A 700132,10/19/2019,1 kWh,kWh,307.44,319.62,329.7,348.18,341.88,314.16,329.7,309.12,304.08,296.52,297.36,288.54,272.58,272.58,264.18,245.7,226.8,230.16,228.9,229.32,230.16,231.0,235.62,242.34
1403187030A 700132,10/20/2019,1 kWh,kWh,242.34,236.88,230.58,228.48,234.78,224.28,202.02,193.2,194.46,196.14,202.02,194.04,187.74,194.04,193.62,191.52,186.9,194.04,202.44,206.22,204.96,227.22,275.52,351.12
1403187030A 700132,10/21/2019,1 kWh,kWh,368.34,350.28,341.04,327.18,319.2,325.92,323.4,346.5,376.32,380.94,340.2,342.72,370.02,410.76,399.0,386.82,388.92,365.82,398.58,405.3,395.64,382.2,369.18,336.42
1403187030A 700132,10/22/2019,1 kWh,kWh,308.7,309.12,299.04,306.6,307.02,303.66,304.5,329.28,377.16,365.82,388.08,374.22,341.88,333.06,338.94,333.06,347.34,338.94,349.86,353.22,357.84,355.74,346.92,349.44
1403187030A 700132,10/23/2019,1 kWh,kWh,332.22,300.72,301.98,290.64,299.04,325.08,353.64,392.28,394.8,375.48,373.8,378.42,384.3,400.26,415.38,392.28,431.76,401.1,422.94,443.1,395.64,398.58,435.96,428.82
1403187030A 700132,10/24/2019,1 kWh,kWh,400.68,374.64,365.82,320.04,307.02,343.98,343.14,327.6,379.26,410.76,391.86,415.8,414.96,408.24,418.74,409.5,429.66,459.06,443.52,431.76,353.64,369.18,378.84,342.72
1403187030A 700132,10/25/2019,1 kWh,kWh,349.44,345.66,339.78,374.64,329.28,331.8,329.28,335.16,351.54,354.48,331.38,347.76,372.12,383.46,417.06,410.34,407.82,410.34,338.94,346.08,392.7,385.14,381.78,374.22
1403187030A 700132,10/26/2019,1 kWh,kWh,358.68,341.88,353.64,342.72,319.62,302.82,319.2,282.24,281.4,244.44,221.76,211.26,219.66,236.88,212.94,211.68,219.66,204.54,206.64,216.3,218.82,209.58,205.8,213.78
1403187030A 700132,10/27/2019,1 kWh,kWh,204.96,211.68,213.78,207.06,203.28,204.96,207.48,199.92,199.92,207.06,199.5,190.68,191.52,196.98,196.14,195.72,202.44,195.3,203.7,208.74,202.44,217.56,247.38,340.2
1403187030A 700132,10/28/2019,1 kWh,kWh,316.26,308.28,362.46,370.86,370.86,365.4,364.98,373.38,362.88,332.64,374.22,377.16,391.02,392.28,401.94,391.86,373.38,380.52,385.14,368.76,362.88,364.14,362.46,353.22
1403187030A 700132,10/29/2019,1 kWh,kWh,350.7,364.56,377.58,339.36,296.94,296.52,287.7,303.66,286.86,356.16,374.64,386.4,389.34,393.12,401.94,390.18,384.72,377.58,369.18,367.92,373.8,368.76,359.1,322.98
1403187030A 700132,10/30/2019,1 kWh,kWh,348.6,368.34,375.06,380.94,359.94,390.18,354.06,365.82,325.92,321.3,330.54,343.14,373.8,380.94,382.2,383.46,383.46,383.88,381.36,377.58,375.9,363.3,385.98,342.72
1403187030A 700132,10/31/2019,1 kWh,kWh,365.4,353.22,345.66,339.78,335.16,345.24,382.2,361.2,385.56,344.4,375.48,368.34,385.98,388.5,389.76,412.44,418.74,426.3,416.22,396.48,390.18,391.86,401.94,402.36
1403187030A 700132,11/1/2019,1 kWh,kWh,394.38,385.98,371.28,361.62,351.54,354.06,374.64,387.66,336.42,311.64,371.7,374.22,362.04,394.8,395.64,392.28,384.3,377.58,376.32,362.46,382.62,425.04,479.22,489.72
1403187030A 700132,11/2/2019,1 kWh,kWh,469.98,407.4,409.5,401.52,380.52,365.4,381.36,386.82,377.58,380.1,375.48,381.36,396.06,355.74,254.52,229.74,206.22,212.1,210.0,207.9,208.32,203.28,206.22,209.16
1403187030A 700132,11/3/2019,1 kWh,kWh,206.64,207.06,204.12,196.98,203.7,199.5,199.08,195.3,195.72,198.66,197.4,190.26,198.66,195.72,191.52,193.2,188.16,201.18,202.86,209.58,258.3,300.3,343.14,
1403187030A 700132,11/4/2019,1 kWh,kWh,,316.26,345.24,347.34,362.88,340.62,324.24,361.62,373.8,349.86,341.88,342.72,332.22,335.16,363.72,371.7,374.22,387.24,366.24,359.94,359.1,364.98,358.26,331.38
1403187030A 700132,11/5/2019,1 kWh,kWh,352.8,346.5,322.56,341.04,351.54,330.96,336.84,333.06,369.6,407.82,403.2,396.06,384.72,391.02,393.12,392.7,395.22,406.14,404.46,374.22,423.36,417.06,422.1,393.54
1403187030A 700132,11/6/2019,1 kWh,kWh,390.18,385.98,405.3,390.6,323.4,328.02,321.72,324.66,370.86,381.78,375.9,370.44,359.1,332.64,379.68,344.4,355.74,380.1,376.74,384.72,409.92,401.1,408.66,389.76
1403187030A 700132,11/7/2019,1 kWh,kWh,363.72,359.94,362.46,410.76,379.26,316.26,356.16,322.56,313.32,316.26,315.84,317.1,322.14,315.0,314.16,322.56,372.54,384.3,373.8,367.92,368.34,362.04,369.6,370.86
1403187030A 700132,11/8/2019,1 kWh,kWh,399.42,399.42,399.84,396.9,368.76,349.02,348.6,337.26,366.24,386.82,349.86,323.82,314.16,350.7,362.46,374.22,401.1,391.86,381.36,375.06,381.78,373.38,374.64,376.74
1403187030A 700132,11/9/2019,1 kWh,kWh,365.82,378.84,370.44,393.54,392.28,392.28,391.44,388.08,367.5,341.46,363.3,392.7,393.12,352.38,304.92,223.44,248.22,236.04,226.8,229.32,225.96,220.08,228.9,220.08
1403187030A 700132,11/10/2019,1 kWh,kWh,215.46,220.5,212.94,211.26,209.58,215.88,213.78,204.96,201.18,207.06,205.38,198.66,199.08,209.58,204.54,204.54,208.32,207.48,206.64,211.26,230.58,254.94,328.44,373.8
1403187030A 700132,11/11/2019,1 kWh,kWh,376.74,380.1,375.06,372.54,370.86,374.64,376.32,386.4,404.46,418.32,421.26,418.74,412.02,424.2,419.58,410.34,437.22,456.54,451.92,406.14,404.88,402.78,398.58,393.12
1403187030A 700132,11/12/2019,1 kWh,kWh,389.34,404.88,383.04,384.3,357.42,337.26,345.24,349.86,365.82,383.46,396.48,405.3,398.16,411.6,415.8,408.66,411.18,417.48,395.22,406.56,429.24,435.96,443.94,414.12
1403187030A 700132,11/13/2019,1 kWh,kWh,404.04,365.4,387.24,411.6,365.82,349.44,338.1,358.68,377.16,403.62,401.1,426.72,421.26,413.28,423.78,410.76,413.28,416.22,405.72,417.48,448.56,445.62,407.4,410.34
1403187030A 700132,11/14/2019,1 kWh,kWh,443.94,403.2,371.28,375.48,371.28,362.04,363.3,344.4,370.02,422.52,456.12,479.22,459.48,434.28,430.5,442.68,432.18,441.0,422.1,414.12,438.9,428.4,434.28,401.52
1403187030A 700132,11/15/2019,1 kWh,kWh,391.86,388.5,417.9,421.26,412.02,412.86,354.9,318.36,380.52,431.34,449.82,429.24,480.06,484.26,478.38,474.18,477.96,483.42,472.5,450.24,438.48,412.86,413.28,400.68
1403187030A 700132,11/16/2019,1 kWh,kWh,394.38,397.74,391.44,380.94,371.28,374.64,374.22,364.56,385.56,381.36,375.48,282.24,259.56,264.18,248.22,249.06,254.52,262.08,255.78,249.06,243.6,241.5,241.5,245.7
1403187030A 700132,11/17/2019,1 kWh,kWh,239.82,231.84,227.64,224.28,228.48,231.42,224.28,220.5,213.78,219.24,225.54,222.18,220.08,219.66,225.54,219.66,223.44,231.84,236.04,236.04,262.5,288.96,329.7,400.26
1403187030A 700132,11/18/2019,1 kWh,kWh,442.68,448.56,452.34,447.72,438.9,435.96,431.34,418.32,400.26,412.86,429.66,421.26,422.1,419.16,428.4,430.5,462.42,444.78,434.7,396.48,392.28,402.78,398.58,388.08
1403187030A 700132,11/19/2019,1 kWh,kWh,371.28,362.04,365.82,373.8,346.92,339.78,338.52,356.58,380.52,371.7,404.46,404.88,395.64,418.74,426.3,425.04,479.64,472.08,465.36,453.18,448.56,451.08,417.48,408.66
1403187030A 700132,11/20/2019,1 kWh,kWh,,,,,,,,,,,,,,,,,,,,,,,,
1403187030A 700132,11/21/2019,1 kWh,kWh,,375.9,385.98,378.42,366.66,330.96,319.62,303.24,340.2,361.2,430.08,429.66,433.44,425.04,394.8,414.12,413.28,433.02,419.16,443.1,442.26,440.58,446.46,448.14
1403187030A 700132,11/22/2019,1 kWh,kWh,449.82,442.68,445.2,383.46,370.44,367.92,369.6,359.1,398.58,442.68,412.44,396.06,407.4,400.68,448.98,447.72,472.5,458.22,444.78,449.82,446.88,417.48,417.06,391.44
1403187030A 700132,11/23/2019,1 kWh,kWh,400.26,360.36,431.34,436.8,376.74,329.7,338.52,345.24,346.92,304.08,275.1,241.08,220.5,225.96,222.18,228.48,233.1,228.9,230.16,225.54,227.64,216.72,215.46,218.82
1403187030A 700132,11/24/2019,1 kWh,kWh,214.2,220.08,215.88,208.32,215.46,238.98,328.02,388.5,396.48,362.46,348.6,335.58,339.36,347.76,338.1,344.4,385.14,393.12,398.16,417.48,415.8,411.6,409.08,381.36
1403187030A 700132,11/25/2019,1 kWh,kWh,342.72,324.24,315.0,322.56,318.36,312.48,293.16,274.68,298.62,326.34,331.38,353.22,337.26,352.8,399.0,383.46,399.42,429.66,434.28,439.74,430.92,420.0,373.8,348.18
1403187030A 700132,11/26/2019,1 kWh,kWh,368.76,375.9,394.38,363.72,322.14,317.52,312.06,317.52,367.92,387.66,398.58,391.02,370.02,386.82,401.1,400.26,395.64,399.0,413.7,427.14,429.66,419.58,394.8,382.2
1403187030A 700132,11/27/2019,1 kWh,kWh,331.8,312.06,316.68,347.34,356.16,361.62,357.84,367.5,378.84,332.64,333.48,362.04,390.6,385.98,390.18,380.94,396.48,347.76,388.5,384.72,411.18,398.58,393.96,372.12
1403187030A 700132,11/28/2019,1 kWh,kWh,368.76,378.0,382.62,354.48,295.26,293.16,256.62,191.94,189.84,183.54,189.84,183.12,177.24,180.6,183.54,180.6,183.54,185.64,186.9,191.94,186.48,187.32,191.1,201.18
1403187030A 700132,11/29/2019,1 kWh,kWh,203.28,201.6,202.02,202.86,211.68,240.24,260.4,324.24,359.52,371.7,382.62,383.88,384.72,403.62,433.86,388.5,401.94,436.38,407.4,427.98,420.84,396.48,393.12,381.78
1403187030A 700132,11/30/2019,1 kWh,kWh,384.72,385.56,376.32,390.6,364.98,378.0,370.02,357.42,363.3,360.36,375.9,339.78,332.22,312.9,282.66,220.5,238.98,230.58,222.18,222.6,219.66,217.98,220.92,215.04
1403187030A 700132,12/1/2019,1 kWh,kWh,219.66,222.6,212.94,209.58,212.94,207.48,205.38,200.34,201.18,201.6,203.28,212.52,204.96,204.12,209.16,210.42,214.2,221.76,220.92,221.76,238.14,260.4,290.64,377.16
1403187030A 700132,12/2/2019,1 kWh,kWh,,,,,,,,,,,,,,,,,,,,,,,,
