Account,Date,Channel,Units,1:00,2:00,3:00,4:00,5:00,6:00,7:00,8:00,9:00,10:00,11:00,12:00,13:00,14:00,15:00,16:00,17:00,18:00,19:00,20:00,21:00,22:00,23:00,24:00
5257822017 CHRISTIAN HILL CORP,10/29/2018,1 kWh,kWh,115.17,120.3,124.02,123.78,119.67,132.36,138.18,139.86,140.4,150.09,157.71,141.84,127.29,145.44,127.95,120.87,126.48,134.19,145.11,154.74,125.1,120.12,117.18,114.6
5257822017 CHRISTIAN HILL CORP,10/30/2018,1 kWh,kWh,117.0,123.18,123.3,126.6,134.85,143.79,165.6,166.59,176.58,183.81,182.91,167.43,155.04,165.78,152.31,130.38,136.77,137.19,152.97,149.16,139.5,124.35,124.32,132.24
5257822017 CHRISTIAN HILL CORP,10/31/2018,1 kWh,kWh,143.16,136.77,148.35,143.16,150.84,159.21,175.08,180.69,190.05,187.02,195.75,181.2,156.6,154.56,141.96,132.27,123.84,144.12,141.03,130.2,108.48,106.89,94.65,96.75
5257822017 CHRISTIAN HILL CORP,11/1/2018,1 kWh,kWh,103.8,96.36,105.84,110.97,111.09,118.35,128.73,134.34,140.16,156.18,157.17,138.45,126.69,140.94,141.27,116.88,126.45,122.52,122.07,126.33,123.12,101.94,104.46,101.55
5257822017 CHRISTIAN HILL CORP,11/2/2018,1 kWh,kWh,92.52,95.31,108.27,94.44,93.51,97.35,111.39,111.66,128.31,128.34,130.35,120.57,105.99,120.03,130.92,115.29,102.54,100.86,111.18,116.85,114.39,91.92,93.15,90.09
5257822017 CHRISTIAN HILL CORP,11/3/2018,1 kWh,kWh,90.12,88.92,98.28,89.07,98.34,109.41,115.26,121.8,131.73,132.99,146.13,136.26,125.43,137.19,125.25,116.46,115.65,120.57,129.81,141.78,141.75,121.11,117.36,122.1
5257822017 CHRISTIAN HILL CORP,11/4/2018,1 kWh,kWh,120.27,118.95,115.59,116.04,117.24,130.11,136.26,147.84,144.57,152.37,144.87,136.5,136.2,131.64,135.33,138.9,131.43,137.67,150.75,163.62,127.74,129.39,128.46,124.14
5257822017 CHRISTIAN HILL CORP,11/5/2018,1 kWh,kWh,128.58,132.0,132.36,131.46,120.0,127.74,142.8,146.67,166.74,163.2,168.75,160.41,150.06,152.1,156.24,142.14,149.94,139.86,146.4,157.44,144.0,122.73,121.29,117.24
5257822017 CHRISTIAN HILL CORP,11/6/2018,1 kWh,kWh,119.31,116.76,117.78,116.22,112.77,122.37,128.19,134.37,145.62,157.53,164.61,153.06,133.65,146.13,143.55,124.05,127.02,131.85,130.41,148.71,124.77,116.43,117.0,107.4
5257822017 CHRISTIAN HILL CORP,11/7/2018,1 kWh,kWh,113.37,109.08,112.38,113.67,116.94,128.76,137.76,138.27,143.55,147.42,134.88,122.34,123.9,136.59,137.37,123.69,135.0,146.49,137.34,156.42,138.03,117.09,120.12,124.05
5257822017 CHRISTIAN HILL CORP,11/8/2018,1 kWh,kWh,132.48,132.78,134.4,136.5,136.05,149.88,153.6,162.54,168.51,175.95,173.76,150.24,140.7,136.62,128.49,136.65,144.72,138.33,146.85,159.84,132.93,133.29,130.59,130.8
5257822017 CHRISTIAN HILL CORP,11/9/2018,1 kWh,kWh,131.49,136.95,144.39,140.28,151.02,160.77,184.8,184.71,182.88,209.01,190.98,186.54,184.08,195.48,176.46,168.48,163.98,163.71,171.57,168.84,152.7,133.65,120.63,120.99
5257822017 CHRISTIAN HILL CORP,11/10/2018,1 kWh,kWh,120.6,128.4,125.67,126.9,120.66,134.7,150.03,156.99,152.07,160.71,179.07,161.1,152.01,159.72,170.25,165.75,170.52,168.36,176.58,183.03,159.24,139.59,140.79,139.8
5257822017 CHRISTIAN HILL CORP,11/11/2018,1 kWh,kWh,151.47,142.92,138.57,139.02,139.89,149.43,155.67,167.37,176.04,179.79,176.88,164.37,163.5,182.43,187.89,174.27,177.24,183.27,188.37,193.08,162.78,164.58,153.6,157.89
5257822017 CHRISTIAN HILL CORP,11/12/2018,1 kWh,kWh,156.24,169.29,165.0,171.06,176.55,175.86,192.57,193.59,203.16,207.75,200.73,180.33,166.14,174.96,167.34,172.86,175.02,162.51,171.63,188.97,155.97,146.01,137.13,133.59
5257822017 CHRISTIAN HILL CORP,11/13/2018,1 kWh,kWh,134.16,147.93,147.3,145.95,134.28,147.06,146.13,184.08,194.04,203.13,193.23,173.25,164.76,185.22,181.11,170.55,179.19,188.58,176.7,185.19,172.53,148.02,142.23,137.31
5257822017 CHRISTIAN HILL CORP,11/14/2018,1 kWh,kWh,145.65,144.84,141.6,145.92,142.41,158.73,177.69,196.86,202.5,213.72,213.93,194.1,176.7,199.26,194.13,187.32,198.63,192.12,204.54,202.05,174.9,174.09,170.28,172.11
5257822017 CHRISTIAN HILL CORP,11/15/2018,1 kWh,kWh,169.23,171.87,176.46,171.27,166.8,184.29,205.53,213.24,230.31,248.13,237.03,225.09,198.21,215.85,215.37,197.22,197.61,191.13,198.69,198.51,183.6,171.36,167.88,167.1
5257822017 CHRISTIAN HILL CORP,11/16/2018,1 kWh,kWh,170.7,173.97,164.1,159.9,153.69,167.58,180.18,205.68,233.28,230.1,225.03,199.95,176.88,197.13,187.11,178.2,184.32,182.43,177.63,195.42,163.89,160.74,147.72,139.5
5257822017 CHRISTIAN HILL CORP,11/17/2018,1 kWh,kWh,138.42,141.96,138.75,142.74,142.32,152.34,161.43,175.41,166.05,170.67,168.45,152.25,151.05,162.06,176.64,161.85,171.78,172.35,174.6,188.28,158.1,161.28,163.17,164.73
5257822017 CHRISTIAN HILL CORP,11/18/2018,1 kWh,kWh,153.3,156.09,162.93,162.96,163.32,172.41,188.01,210.27,194.19,201.42,196.71,185.61,184.65,189.78,209.85,193.23,186.84,179.67,188.55,202.89,193.11,163.92,161.85,148.68
5257822017 CHRISTIAN HILL CORP,11/19/2018,1 kWh,kWh,150.72,154.23,158.37,158.04,160.29,164.16,175.68,186.57,200.73,218.67,198.84,184.11,177.75,197.88,180.87,166.68,165.66,185.22,181.62,193.95,162.39,153.96,149.76,147.45
5257822017 CHRISTIAN HILL CORP,11/20/2018,1 kWh,kWh,145.11,152.34,165.03,164.1,163.26,157.2,176.79,197.31,208.38,215.49,204.54,197.4,192.66,193.26,196.41,179.19,189.27,176.19,184.92,200.4,165.09,165.36,165.87,167.73
5257822017 CHRISTIAN HILL CORP,11/21/2018,1 kWh,kWh,169.59,166.74,172.62,170.73,174.72,177.75,195.42,201.96,198.45,213.03,217.98,211.92,191.22,204.99,199.71,177.45,186.78,205.8,203.82,219.66,202.32,179.91,174.09,186.33
5257822017 CHRISTIAN HILL CORP,11/22/2018,1 kWh,kWh,187.05,193.98,203.01,201.42,210.12,218.82,236.52,255.12,262.68,276.42,251.13,246.33,235.32,238.53,221.55,206.22,215.94,215.49,232.41,238.71,208.77,204.21,212.73,213.21
5257822017 CHRISTIAN HILL CORP,11/23/2018,1 kWh,kWh,210.81,213.57,216.69,223.89,230.04,237.51,255.0,268.83,275.88,274.08,259.71,244.62,222.54,231.27,218.76,227.19,236.07,225.9,234.51,242.22,220.74,201.15,203.49,202.17
5257822017 CHRISTIAN HILL CORP,11/24/2018,1 kWh,kWh,202.17,204.69,205.56,209.55,207.57,226.92,232.62,229.77,219.45,243.69,230.25,204.81,182.46,204.06,200.97,198.39,172.29,181.02,180.51,191.73,160.56,153.0,152.79,151.38
5257822017 CHRISTIAN HILL CORP,11/25/2018,1 kWh,kWh,145.29,152.01,143.16,146.4,144.93,155.43,181.05,182.31,176.22,184.56,185.82,169.05,161.19,155.73,152.49,139.74,146.76,151.8,153.21,170.94,152.85,126.33,124.92,126.75
5257822017 CHRISTIAN HILL CORP,11/26/2018,1 kWh,kWh,120.63,133.92,130.44,134.91,129.57,141.93,166.29,180.54,181.83,197.28,180.06,174.72,158.52,179.73,153.3,148.59,151.14,161.04,159.96,189.09,154.05,138.75,139.92,134.07
5257822017 CHRISTIAN HILL CORP,11/27/2018,1 kWh,kWh,135.75,141.57,149.91,144.99,148.62,155.85,183.21,184.89,204.66,191.91,188.64,201.39,189.57,204.36,195.63,177.87,196.83,188.91,192.84,216.96,183.9,171.39,166.47,167.34
5257822017 CHRISTIAN HILL CORP,11/28/2018,1 kWh,kWh,169.65,167.73,164.49,157.86,160.98,167.85,185.07,213.15,221.04,218.97,207.39,202.47,178.83,192.33,198.63,191.34,197.04,187.32,194.91,213.45,176.73,171.45,167.97,164.19
5257822017 CHRISTIAN HILL CORP,11/29/2018,1 kWh,kWh,155.67,163.71,165.24,163.95,168.96,173.04,187.41,210.87,199.29,213.06,213.39,200.52,179.19,187.77,175.14,177.0,170.73,181.05,194.25,199.35,167.79,168.96,158.58,156.33
5257822017 CHRISTIAN HILL CORP,11/30/2018,1 kWh,kWh,162.45,156.96,158.25,156.51,163.68,167.31,180.54,193.86,180.81,211.44,199.83,190.62,176.97,193.05,186.24,189.39,198.78,194.61,185.28,206.85,190.59,155.7,155.22,158.79
5257822017 CHRISTIAN HILL CORP,12/1/2018,1 kWh,kWh,164.79,170.4,169.29,161.85,163.59,183.39,193.44,209.28,200.4,207.51,204.63,177.93,167.91,172.59,170.1,180.33,185.04,175.77,185.67,198.81,190.02,153.0,154.59,147.99
5257822017 CHRISTIAN HILL CORP,12/2/2018,1 kWh,kWh,145.2,144.39,154.26,155.13,152.52,167.37,168.84,174.84,177.21,196.11,198.15,174.09,174.33,179.31,192.24,169.86,175.95,178.8,174.15,179.04,163.02,130.11,124.14,128.1
5257822017 CHRISTIAN HILL CORP,12/3/2018,1 kWh,kWh,135.48,140.67,146.04,140.64,139.26,149.1,170.07,178.65,175.68,179.52,180.12,172.14,157.32,166.83,171.69,164.01,177.15,158.19,173.01,188.7,152.01,149.49,150.96,144.69
5257822017 CHRISTIAN HILL CORP,12/4/2018,1 kWh,kWh,154.8,153.63,159.24,155.85,158.28,172.32,186.45,205.65,217.59,222.33,207.12,193.08,183.24,189.09,186.78,184.56,192.93,187.44,192.99,199.83,175.2,174.75,169.44,167.04
5257822017 CHRISTIAN HILL CORP,12/5/2018,1 kWh,kWh,167.04,174.42,172.05,169.95,180.78,187.74,205.11,231.36,226.77,240.9,234.63,212.55,190.23,207.24,208.74,207.48,203.76,221.1,218.85,227.25,183.75,185.04,186.27,181.2
5257822017 CHRISTIAN HILL CORP,12/6/2018,1 kWh,kWh,182.1,185.52,183.36,185.22,192.99,209.31,233.28,247.29,260.94,252.66,241.89,230.13,217.08,216.75,209.31,200.88,196.32,202.74,212.37,222.63,191.4,181.8,179.37,173.64
5257822017 CHRISTIAN HILL CORP,12/7/2018,1 kWh,kWh,179.79,184.32,185.46,183.12,177.84,196.83,227.01,250.92,260.4,252.21,243.75,221.82,206.64,221.4,210.12,215.67,231.12,230.64,234.96,244.8,210.99,195.18,200.7,197.82
5257822017 CHRISTIAN HILL CORP,12/8/2018,1 kWh,kWh,200.67,207.93,209.4,215.31,208.11,210.6,223.08,241.47,244.83,248.88,246.66,240.3,223.02,231.48,223.29,212.94,213.75,215.88,226.41,240.39,195.27,191.1,190.17,181.95
5257822017 CHRISTIAN HILL CORP,12/9/2018,1 kWh,kWh,182.49,190.41,189.48,202.11,201.15,217.71,227.22,239.55,247.83,262.38,267.93,238.35,230.7,226.83,209.07,211.23,215.46,212.85,212.49,226.53,190.71,186.99,189.27,187.11
5257822017 CHRISTIAN HILL CORP,12/10/2018,1 kWh,kWh,183.15,186.42,192.9,197.13,191.61,198.63,220.74,240.48,237.81,232.35,239.52,229.53,219.0,221.16,209.1,209.01,220.35,228.96,228.93,244.26,232.89,209.82,199.14,194.25
5257822017 CHRISTIAN HILL CORP,12/11/2018,1 kWh,kWh,200.52,195.18,206.31,208.71,203.4,218.49,242.79,258.78,266.88,272.22,245.04,229.98,214.95,224.28,208.68,197.58,210.78,199.47,208.14,226.23,189.33,180.78,182.94,177.36
5257822017 CHRISTIAN HILL CORP,12/12/2018,1 kWh,kWh,178.95,189.99,187.02,185.46,191.43,199.14,209.88,230.64,233.37,243.57,228.06,214.02,192.0,208.14,199.02,189.12,203.88,188.28,190.41,212.19,174.72,170.58,173.97,183.81
5257822017 CHRISTIAN HILL CORP,12/13/2018,1 kWh,kWh,182.88,182.37,182.64,180.39,177.57,194.91,225.36,239.55,243.27,263.64,263.43,248.19,230.88,242.49,224.13,210.33,216.54,220.02,228.63,233.61,195.33,174.3,171.84,172.89
5257822017 CHRISTIAN HILL CORP,12/14/2018,1 kWh,kWh,167.85,162.48,168.33,167.19,163.26,182.01,197.31,213.87,221.52,227.58,230.4,202.32,188.73,199.71,186.33,187.53,180.03,185.22,195.84,195.48,155.07,149.19,146.64,146.22
5257822017 CHRISTIAN HILL CORP,12/15/2018,1 kWh,kWh,135.21,139.71,135.87,140.1,139.65,155.52,161.43,162.0,175.38,174.18,164.1,149.28,142.05,155.07,141.15,143.07,156.9,161.88,170.7,173.46,159.3,140.07,140.46,137.13
5257822017 CHRISTIAN HILL CORP,12/16/2018,1 kWh,kWh,144.21,148.11,147.84,150.48,152.91,167.85,161.64,170.31,189.87,214.11,216.96,192.06,173.34,188.85,181.08,171.45,176.82,183.96,191.7,194.52,175.5,150.57,152.94,159.33
5257822017 CHRISTIAN HILL CORP,12/17/2018,1 kWh,kWh,150.42,155.52,153.84,154.23,154.68,168.87,169.71,175.05,200.19,202.56,200.04,183.69,184.95,198.96,187.38,188.73,187.47,193.74,201.78,214.5,179.22,166.92,177.03,178.05
5257822017 CHRISTIAN HILL CORP,12/18/2018,1 kWh,kWh,178.74,184.53,187.47,189.9,185.25,197.55,213.54,232.59,250.05,257.31,256.02,243.18,215.37,223.53,219.87,214.2,229.17,227.46,224.85,233.82,207.21,200.61,194.52,189.69
5257822017 CHRISTIAN HILL CORP,12/19/2018,1 kWh,kWh,189.66,191.76,190.47,186.36,195.06,199.62,211.77,241.08,257.19,275.01,246.06,230.91,221.28,226.26,211.08,199.41,226.14,224.97,233.28,222.63,192.21,192.03,182.04,184.11
5257822017 CHRISTIAN HILL CORP,12/20/2018,1 kWh,kWh,179.64,176.37,186.72,186.81,195.9,207.78,229.29,254.19,255.9,261.3,246.18,224.91,215.97,222.93,199.77,194.73,188.19,191.16,207.84,202.53,165.15,160.89,150.9,149.19
5257822017 CHRISTIAN HILL CORP,12/21/2018,1 kWh,kWh,147.03,151.56,154.38,143.76,140.22,135.84,150.9,168.48,172.23,172.11,165.48,153.63,139.62,149.4,149.43,136.83,134.73,128.76,136.08,154.95,135.03,124.92,127.59,117.06
5257822017 CHRISTIAN HILL CORP,12/22/2018,1 kWh,kWh,115.77,116.28,114.33,118.2,116.61,129.66,142.83,157.74,172.14,180.42,186.9,181.56,176.61,194.07,175.8,174.42,175.74,175.05,187.56,200.16,160.29,154.62,155.4,153.75
5257822017 CHRISTIAN HILL CORP,12/23/2018,1 kWh,kWh,151.11,154.59,152.7,152.1,157.02,173.94,188.1,197.52,219.27,230.88,214.02,195.84,177.81,195.15,186.27,171.51,166.23,173.1,184.17,177.63,160.26,151.74,155.16,160.47
5257822017 CHRISTIAN HILL CORP,12/24/2018,1 kWh,kWh,158.43,155.55,155.04,151.23,157.26,166.32,179.64,198.06,219.84,220.53,212.04,202.8,176.43,189.27,175.65,164.82,178.98,176.85,182.31,189.48,166.68,146.07,150.96,152.49
5257822017 CHRISTIAN HILL CORP,12/25/2018,1 kWh,kWh,153.69,152.79,150.33,150.06,154.32,172.65,192.63,196.62,218.07,226.8,206.28,191.82,176.25,186.69,171.81,171.06,180.78,177.33,193.35,220.47,184.44,185.58,175.26,175.26
5257822017 CHRISTIAN HILL CORP,12/26/2018,1 kWh,kWh,180.54,179.88,176.61,181.86,179.01,197.7,199.77,233.16,238.98,242.7,247.2,230.25,225.51,239.25,229.05,211.17,216.21,216.63,219.9,228.03,204.96,185.25,181.44,180.27
5257822017 CHRISTIAN HILL CORP,12/27/2018,1 kWh,kWh,181.14,183.42,177.36,174.09,177.84,188.64,198.84,218.58,200.4,223.29,211.02,198.81,190.35,186.75,177.9,180.27,176.1,185.4,192.18,201.45,191.13,167.61,156.45,164.46
5257822017 CHRISTIAN HILL CORP,12/28/2018,1 kWh,kWh,157.71,165.09,156.45,151.47,156.06,164.55,166.53,181.2,190.83,197.25,198.18,176.64,152.22,177.24,158.49,154.17,164.88,152.07,159.6,160.92,134.04,125.46,124.2,121.65
5257822017 CHRISTIAN HILL CORP,12/29/2018,1 kWh,kWh,121.2,126.69,117.93,123.06,118.83,133.26,158.7,169.41,164.4,175.47,183.96,165.66,152.76,163.95,155.28,156.36,169.02,169.95,179.76,196.11,169.74,149.22,150.87,157.41
5257822017 CHRISTIAN HILL CORP,12/30/2018,1 kWh,kWh,157.77,156.18,152.46,159.87,162.69,182.7,197.25,213.75,220.47,219.72,216.75,204.0,194.85,193.29,180.42,187.17,187.14,186.39,184.92,182.55,163.23,154.5,154.71,160.83
5257822017 CHRISTIAN HILL CORP,12/31/2018,1 kWh,kWh,155.79,158.91,160.08,164.07,167.91,173.01,188.04,210.15,208.26,228.42,220.98,204.6,198.96,206.73,193.47,189.33,186.84,184.74,186.03,197.82,163.26,158.43,162.27,153.42
5257822017 CHRISTIAN HILL CORP,1/1/2019,1 kWh,kWh,157.62,145.47,145.29,147.66,150.06,152.25,156.06,166.65,164.13,178.17,168.6,161.46,154.08,183.99,171.87,169.71,170.88,186.03,182.7,200.46,176.97,166.5,158.34,167.82
5257822017 CHRISTIAN HILL CORP,1/2/2019,1 kWh,kWh,166.38,170.16,170.97,166.89,176.55,185.43,206.01,227.22,235.2,234.84,235.5,210.54,188.61,194.94,183.63,200.1,208.5,218.46,216.09,216.06,180.3,178.53,179.28,169.71
5257822017 CHRISTIAN HILL CORP,1/3/2019,1 kWh,kWh,173.97,165.36,170.82,156.45,160.59,176.61,193.41,202.86,202.89,207.12,210.0,199.86,191.16,206.88,197.43,195.18,194.58,198.39,197.94,215.76,178.41,171.06,168.57,162.15
5257822017 CHRISTIAN HILL CORP,1/4/2019,1 kWh,kWh,165.87,168.75,170.01,170.55,181.56,194.07,200.67,209.25,220.17,221.88,216.06,193.02,184.83,190.26,185.94,184.38,187.95,197.16,200.28,204.0,179.76,172.95,168.0,168.15
5257822017 CHRISTIAN HILL CORP,1/5/2019,1 kWh,kWh,170.49,171.36,165.0,161.85,161.55,174.84,178.59,180.78,171.81,194.25,190.14,187.71,165.3,184.05,182.37,174.36,181.08,169.95,173.55,184.32,151.17,143.79,142.56,142.2
5257822017 CHRISTIAN HILL CORP,1/6/2019,1 kWh,kWh,150.18,149.31,147.9,146.4,155.49,155.88,174.75,186.87,189.93,211.47,199.29,189.09,176.79,173.37,165.12,169.17,181.02,194.58,205.71,213.63,180.84,170.7,170.94,176.91
5257822017 CHRISTIAN HILL CORP,1/7/2019,1 kWh,kWh,177.54,177.42,175.8,180.24,183.66,195.42,219.0,245.64,243.57,253.35,251.25,225.15,207.93,234.78,224.13,226.44,226.71,231.18,237.93,247.53,223.38,194.07,195.99,191.67
5257822017 CHRISTIAN HILL CORP,1/8/2019,1 kWh,kWh,191.76,188.04,191.79,186.51,181.8,203.97,213.21,231.36,219.54,229.44,230.67,207.15,193.35,201.87,193.29,179.07,181.05,175.38,181.08,167.07,152.04,140.76,142.14,139.29
5257822017 CHRISTIAN HILL CORP,1/9/2019,1 kWh,kWh,129.3,135.3,142.62,150.33,151.5,156.39,172.47,185.1,182.25,211.17,216.69,212.31,195.42,211.83,212.25,202.8,200.31,213.57,206.01,224.22,203.7,172.56,169.59,175.23
5257822017 CHRISTIAN HILL CORP,1/10/2019,1 kWh,kWh,178.71,177.33,177.63,170.13,180.78,191.19,215.61,228.12,230.58,260.16,256.02,240.87,220.53,242.79,227.61,220.02,241.23,243.75,255.45,263.61,227.01,219.27,216.72,214.14
5257822017 CHRISTIAN HILL CORP,1/11/2019,1 kWh,kWh,209.52,216.06,214.65,216.18,218.76,229.71,244.35,262.74,261.21,262.65,256.8,233.25,219.0,237.15,231.42,234.39,245.46,254.82,268.98,265.98,236.04,228.6,224.31,219.3
5257822017 CHRISTIAN HILL CORP,1/12/2019,1 kWh,kWh,219.42,218.58,210.51,219.99,220.89,243.3,254.28,262.08,264.93,256.41,267.51,242.01,236.4,229.89,224.01,218.22,242.91,249.06,242.97,261.78,248.91,222.39,217.32,215.34
5257822017 CHRISTIAN HILL CORP,1/13/2019,1 kWh,kWh,212.64,213.42,212.94,209.88,210.27,236.22,244.56,266.16,277.95,289.62,276.87,250.68,230.28,232.53,220.2,224.19,245.82,257.07,244.14,261.6,242.4,227.07,221.73,220.53
5257822017 CHRISTIAN HILL CORP,1/14/2019,1 kWh,kWh,222.93,227.64,230.04,226.41,231.48,239.7,256.44,269.49,278.04,284.79,272.88,247.02,227.55,229.68,220.71,220.29,240.06,231.81,233.25,243.69,218.79,211.95,214.71,213.3
5257822017 CHRISTIAN HILL CORP,1/15/2019,1 kWh,kWh,211.8,211.77,210.87,216.57,215.94,228.12,250.05,260.82,275.46,259.59,249.15,237.84,224.16,233.76,221.76,214.71,222.24,221.97,215.97,223.05,191.37,174.93,169.2,175.74
5257822017 CHRISTIAN HILL CORP,1/16/2019,1 kWh,kWh,169.05,174.15,179.43,183.81,188.07,191.34,223.5,242.37,254.37,267.18,243.78,210.6,196.56,214.08,208.47,214.08,212.64,218.76,212.58,227.7,199.02,193.86,183.3,183.39
5257822017 CHRISTIAN HILL CORP,1/17/2019,1 kWh,kWh,185.76,192.63,189.3,191.37,198.45,222.12,231.12,264.3,289.74,278.04,269.64,251.34,226.29,237.48,231.48,221.49,220.56,216.69,234.69,240.3,200.37,194.58,190.08,189.42
5257822017 CHRISTIAN HILL CORP,1/18/2019,1 kWh,kWh,183.48,188.52,187.47,182.73,185.49,200.1,212.91,241.77,261.93,274.59,267.03,249.18,233.61,237.6,217.8,212.22,203.25,208.2,208.47,230.82,193.89,183.66,180.51,179.7
5257822017 CHRISTIAN HILL CORP,1/19/2019,1 kWh,kWh,175.17,175.74,170.91,182.67,189.12,204.33,220.74,242.31,242.85,247.17,241.56,227.64,216.03,229.95,236.97,214.71,217.2,219.84,232.5,237.9,200.58,178.29,178.8,178.41
5257822017 CHRISTIAN HILL CORP,1/20/2019,1 kWh,kWh,180.15,175.77,176.64,174.57,179.19,193.65,208.02,224.28,231.69,228.72,233.16,233.88,221.7,230.37,224.97,222.78,236.91,242.55,263.1,273.0,252.51,248.16,246.36,238.23
5257822017 CHRISTIAN HILL CORP,1/21/2019,1 kWh,kWh,238.02,246.36,246.15,250.56,250.62,259.77,279.42,301.5,321.36,326.58,328.05,309.69,296.49,310.83,305.85,292.35,295.05,297.03,300.3,309.72,286.77,279.03,276.42,270.27
5257822017 CHRISTIAN HILL CORP,1/22/2019,1 kWh,kWh,268.74,267.78,260.61,257.94,254.37,274.2,291.99,317.52,321.57,317.61,311.43,275.01,263.19,275.01,261.15,252.48,284.28,274.68,263.79,274.41,243.63,230.88,232.68,233.79
5257822017 CHRISTIAN HILL CORP,1/23/2019,1 kWh,kWh,235.95,224.52,219.15,218.37,211.53,215.49,221.19,246.78,248.01,265.47,272.97,234.09,208.74,219.9,224.7,202.74,211.5,206.55,213.84,227.34,196.11,183.42,179.04,179.01
5257822017 CHRISTIAN HILL CORP,1/24/2019,1 kWh,kWh,173.88,172.38,171.69,167.7,166.05,165.0,172.5,170.79,184.44,179.28,189.27,177.36,160.41,169.32,174.21,173.43,181.23,176.85,200.43,201.03,192.09,160.86,161.13,153.57
5257822017 CHRISTIAN HILL CORP,1/25/2019,1 kWh,kWh,155.43,158.28,158.73,160.74,164.97,184.59,204.27,204.51,214.86,224.22,221.94,214.23,201.36,209.67,200.79,188.94,201.3,216.06,216.15,218.46,207.93,191.97,189.96,189.54
5257822017 CHRISTIAN HILL CORP,1/26/2019,1 kWh,kWh,188.07,195.39,206.52,208.71,212.79,230.34,241.68,259.59,251.91,259.92,252.48,235.41,216.63,223.2,214.02,206.85,203.07,213.81,223.23,228.21,234.96,210.51,205.11,209.25
5257822017 CHRISTIAN HILL CORP,1/27/2019,1 kWh,kWh,209.22,211.29,211.8,214.65,214.98,221.73,225.51,244.38,242.13,256.26,242.91,219.36,225.39,212.85,211.83,206.28,196.11,207.66,204.84,220.95,220.92,177.78,171.21,171.9
5257822017 CHRISTIAN HILL CORP,1/28/2019,1 kWh,kWh,181.53,187.05,193.14,200.4,208.83,219.03,239.91,262.89,268.26,278.85,257.31,236.43,221.91,234.27,226.83,203.04,219.45,224.04,231.96,236.82,225.03,215.22,208.05,209.28
5257822017 CHRISTIAN HILL CORP,1/29/2019,1 kWh,kWh,209.19,214.26,212.07,214.98,216.96,228.66,237.9,268.59,271.17,266.76,269.25,253.08,227.82,246.21,241.2,232.74,224.73,228.9,228.0,238.35,211.11,189.57,185.49,184.98
5257822017 CHRISTIAN HILL CORP,1/30/2019,1 kWh,kWh,188.4,191.97,192.75,191.55,199.95,210.63,224.07,248.94,255.18,261.78,252.18,215.16,209.58,226.44,211.62,224.34,239.1,243.15,265.71,276.63,264.51,233.55,242.73,240.3
5257822017 CHRISTIAN HILL CORP,1/31/2019,1 kWh,kWh,247.62,249.39,247.71,249.12,247.59,259.98,288.96,310.86,315.75,323.16,305.04,271.05,263.07,258.75,244.83,232.98,250.8,272.31,287.79,287.73,252.3,241.71,247.14,253.05
5257822017 CHRISTIAN HILL CORP,2/1/2019,1 kWh,kWh,252.06,251.1,250.08,250.77,250.89,260.76,270.0,292.59,311.7,326.52,299.52,277.08,245.19,279.75,260.82,251.94,264.96,274.62,279.03,282.15,253.77,247.68,244.89,248.25
5257822017 CHRISTIAN HILL CORP,2/2/2019,1 kWh,kWh,243.93,254.19,259.11,266.88,267.03,279.93,296.46,312.12,308.7,307.62,280.53,246.72,236.34,238.05,236.64,226.98,230.52,230.1,229.83,243.15,200.88,195.45,188.43,176.94
5257822017 CHRISTIAN HILL CORP,2/3/2019,1 kWh,kWh,183.18,178.68,179.22,182.88,185.91,193.83,211.5,221.31,241.77,247.23,237.0,215.16,188.34,191.64,192.39,173.64,181.23,199.53,198.75,219.48,190.05,175.38,164.97,157.05
5257822017 CHRISTIAN HILL CORP,2/4/2019,1 kWh,kWh,149.19,151.98,157.56,165.42,166.14,187.95,200.07,207.84,199.8,197.64,197.37,149.07,144.72,158.25,151.86,137.88,155.07,162.21,166.83,185.55,162.87,143.73,145.62,145.89
5257822017 CHRISTIAN HILL CORP,2/5/2019,1 kWh,kWh,145.44,152.07,153.57,149.55,153.84,163.23,180.0,198.0,193.95,198.45,182.34,156.06,129.48,134.16,123.75,117.84,145.17,149.79,167.82,175.08,151.92,146.28,150.51,139.89
5257822017 CHRISTIAN HILL CORP,2/6/2019,1 kWh,kWh,145.38,153.93,165.39,166.68,159.45,171.27,183.39,191.61,203.04,197.67,197.88,185.52,166.8,180.36,186.78,174.27,188.22,198.57,196.53,203.7,171.96,170.31,157.95,152.82
5257822017 CHRISTIAN HILL CORP,2/7/2019,1 kWh,kWh,151.83,155.22,149.37,150.27,159.45,162.45,176.94,188.58,198.75,219.54,211.56,182.46,180.93,174.78,170.07,171.66,190.41,182.88,192.21,199.92,166.89,159.51,150.15,146.85
5257822017 CHRISTIAN HILL CORP,2/8/2019,1 kWh,kWh,144.75,149.31,146.19,144.6,147.75,165.51,179.52,181.35,191.1,203.97,186.48,166.98,156.45,155.91,162.78,151.77,156.54,170.04,196.26,207.15,183.51,184.8,180.63,187.62
5257822017 CHRISTIAN HILL CORP,2/9/2019,1 kWh,kWh,194.34,197.1,197.19,201.78,212.79,224.73,236.22,266.25,251.1,269.31,263.07,235.8,225.09,240.39,227.88,203.28,219.75,235.35,241.11,260.34,237.75,214.44,214.8,209.13
5257822017 CHRISTIAN HILL CORP,2/10/2019,1 kWh,kWh,213.21,222.9,218.55,221.31,217.44,222.18,244.74,249.54,266.76,257.55,237.39,219.72,216.57,229.02,215.58,203.61,216.57,232.11,231.9,236.4,223.74,198.93,193.47,191.61
5257822017 CHRISTIAN HILL CORP,2/11/2019,1 kWh,kWh,191.58,198.78,201.75,199.44,196.41,207.69,213.81,224.1,221.52,234.96,213.6,197.67,188.61,203.01,191.88,175.95,189.27,201.12,216.93,209.82,199.92,186.36,177.06,174.9
5257822017 CHRISTIAN HILL CORP,2/12/2019,1 kWh,kWh,186.24,185.28,198.0,197.34,199.89,220.47,241.56,247.41,254.37,262.23,249.39,241.86,247.11,252.84,256.68,247.17,248.73,243.54,240.33,263.16,232.83,212.04,207.18,202.53
5257822017 CHRISTIAN HILL CORP,2/13/2019,1 kWh,kWh,191.13,191.16,187.62,185.22,185.52,191.1,205.74,219.36,226.95,236.1,216.6,186.3,177.51,187.74,185.67,183.09,186.78,193.44,198.12,211.59,211.86,195.24,189.21,184.35
5257822017 CHRISTIAN HILL CORP,2/14/2019,1 kWh,kWh,183.45,183.27,181.35,181.65,182.97,203.1,219.12,244.56,244.2,250.62,228.33,211.05,194.76,196.89,185.31,171.03,166.56,188.25,197.04,210.87,188.82,169.8,171.54,165.99
5257822017 CHRISTIAN HILL CORP,2/15/2019,1 kWh,kWh,170.73,165.96,162.24,157.17,160.11,165.93,168.36,179.25,186.93,200.01,203.25,184.89,166.38,166.65,157.26,139.59,160.35,169.29,177.78,191.16,175.83,157.32,153.12,157.41
5257822017 CHRISTIAN HILL CORP,2/16/2019,1 kWh,kWh,160.17,172.23,171.63,172.08,180.6,192.99,207.96,203.4,205.14,207.36,213.81,211.8,186.78,192.12,192.15,177.12,195.45,208.38,209.37,226.05,190.53,182.46,181.83,179.01
5257822017 CHRISTIAN HILL CORP,2/17/2019,1 kWh,kWh,188.1,190.5,189.57,194.76,197.25,213.33,217.71,229.44,235.44,232.71,225.33,207.54,193.53,196.65,196.08,179.76,182.91,204.99,219.39,226.89,189.36,172.11,180.36,178.92
5257822017 CHRISTIAN HILL CORP,2/18/2019,1 kWh,kWh,176.52,173.91,173.19,173.7,181.8,184.38,201.81,202.44,223.02,218.88,234.81,202.92,193.41,205.02,198.45,193.47,207.75,221.28,222.3,234.9,227.43,205.35,210.63,211.44
5257822017 CHRISTIAN HILL CORP,2/19/2019,1 kWh,kWh,210.54,211.83,210.3,214.89,210.27,221.79,255.75,260.1,255.03,253.35,247.2,232.44,202.17,218.4,198.63,197.04,200.31,214.35,235.62,256.77,226.8,219.84,216.63,209.67
5257822017 CHRISTIAN HILL CORP,2/20/2019,1 kWh,kWh,211.5,221.19,223.05,224.43,226.98,237.36,252.72,250.2,242.64,259.44,245.04,223.35,219.3,232.29,237.15,218.82,216.96,240.63,246.39,251.34,231.81,208.74,201.9,199.41
5257822017 CHRISTIAN HILL CORP,2/21/2019,1 kWh,kWh,201.75,197.43,193.2,193.26,189.78,192.54,210.54,211.77,211.08,195.87,181.77,170.88,154.74,165.87,164.79,145.8,149.97,169.11,183.03,189.96,179.46,152.07,153.39,153.84
5257822017 CHRISTIAN HILL CORP,2/22/2019,1 kWh,kWh,156.18,163.71,168.75,171.36,163.41,178.05,186.63,201.66,203.88,217.02,212.07,196.62,184.14,191.28,186.42,167.94,178.2,196.14,202.23,225.36,198.39,173.1,174.78,170.73
5257822017 CHRISTIAN HILL CORP,2/23/2019,1 kWh,kWh,169.53,176.4,174.33,175.38,184.14,199.62,223.17,228.12,220.32,221.19,217.23,191.28,175.47,176.73,177.48,167.46,171.9,179.67,189.84,208.29,185.04,179.04,169.68,164.49
5257822017 CHRISTIAN HILL CORP,2/24/2019,1 kWh,kWh,160.14,165.45,160.89,165.48,162.39,178.23,195.66,194.73,191.1,209.97,209.46,180.03,174.81,177.27,180.6,169.8,158.1,158.58,159.81,174.39,175.8,143.28,144.81,142.26
5257822017 CHRISTIAN HILL CORP,2/25/2019,1 kWh,kWh,140.55,148.56,149.04,151.35,159.63,178.68,198.18,202.05,208.26,228.45,232.02,212.67,184.59,203.01,204.18,191.28,200.22,205.44,211.17,220.83,197.7,185.49,178.59,182.01
5257822017 CHRISTIAN HILL CORP,2/26/2019,1 kWh,kWh,179.52,179.64,188.4,189.51,194.58,207.12,221.85,240.48,243.99,236.16,209.79,205.47,190.65,207.21,207.87,191.79,203.13,202.44,227.73,232.56,203.19,201.9,193.14,194.82
5257822017 CHRISTIAN HILL CORP,2/27/2019,1 kWh,kWh,200.25,208.77,214.35,213.57,218.97,226.86,244.56,248.85,248.94,249.27,231.42,221.82,214.62,235.98,230.4,219.75,219.84,218.55,226.14,244.38,221.25,215.67,213.33,206.01
5257822017 CHRISTIAN HILL CORP,2/28/2019,1 kWh,kWh,202.29,197.73,202.92,201.15,196.26,208.59,224.34,250.56,262.44,262.56,245.82,223.74,202.44,206.25,195.06,177.6,187.41,204.33,227.61,231.57,208.38,194.13,186.42,191.46
5257822017 CHRISTIAN HILL CORP,3/1/2019,1 kWh,kWh,189.54,195.75,198.33,197.16,197.22,209.82,223.23,225.78,215.49,216.99,201.57,173.28,172.29,176.04,185.61,162.57,182.97,184.35,194.28,205.62,185.97,162.24,153.36,155.58
5257822017 CHRISTIAN HILL CORP,3/2/2019,1 kWh,kWh,145.65,151.29,153.03,162.3,157.29,181.05,189.24,195.0,193.59,200.94,190.17,162.42,150.0,167.4,179.22,160.95,182.1,165.72,179.85,194.13,161.91,155.58,163.86,156.18
5257822017 CHRISTIAN HILL CORP,3/3/2019,1 kWh,kWh,156.72,160.14,162.93,161.13,165.93,182.1,190.29,210.66,184.71,185.94,179.37,167.73,149.79,155.82,162.69,160.38,164.52,163.71,164.37,190.86,160.02,149.4,149.61,147.39
5257822017 CHRISTIAN HILL CORP,3/4/2019,1 kWh,kWh,145.41,147.51,146.22,154.41,148.77,178.5,182.19,198.18,203.25,208.05,199.47,168.27,173.79,177.12,178.56,161.28,156.75,188.52,201.6,232.26,233.76,204.87,202.17,192.36
5257822017 CHRISTIAN HILL CORP,3/5/2019,1 kWh,kWh,202.26,208.71,219.78,216.69,216.18,233.16,247.44,248.67,233.76,233.16,212.07,202.23,191.46,222.78,214.23,200.46,199.56,212.34,226.35,246.78,209.94,199.11,205.44,208.89
5257822017 CHRISTIAN HILL CORP,3/6/2019,1 kWh,kWh,212.1,212.67,214.95,219.69,224.61,227.28,243.6,256.53,254.43,238.2,231.15,219.27,209.97,244.8,239.46,225.0,225.9,245.01,250.38,275.16,254.4,211.29,228.87,228.57
5257822017 CHRISTIAN HILL CORP,3/7/2019,1 kWh,kWh,232.17,240.15,246.18,250.74,250.65,263.31,273.99,286.47,255.51,243.18,227.4,206.55,200.7,205.05,213.09,203.82,210.36,208.56,215.25,227.85,212.52,198.45,194.07,196.53
5257822017 CHRISTIAN HILL CORP,3/8/2019,1 kWh,kWh,198.81,204.6,208.11,211.32,218.19,228.15,242.37,257.01,249.69,244.62,224.19,208.95,205.92,205.59,196.74,182.07,183.15,196.86,219.93,222.78,182.22,194.01,194.82,191.13
5257822017 CHRISTIAN HILL CORP,3/9/2019,1 kWh,kWh,193.83,200.64,201.03,205.29,204.87,222.36,239.01,243.42,224.76,205.65,209.79,194.91,181.74,175.59,171.78,157.44,160.56,173.52,187.41,219.09,194.28,168.75,167.19,156.96
5257822017 CHRISTIAN HILL CORP,3/10/2019,1 kWh,kWh,154.38,155.94,,149.43,152.97,163.83,187.68,208.71,222.42,234.63,238.83,221.97,204.3,218.49,225.66,193.35,204.57,194.07,200.46,220.59,203.64,179.97,175.35,167.82
5257822017 CHRISTIAN HILL CORP,3/11/2019,1 kWh,kWh,165.93,169.11,167.49,163.86,165.12,173.85,174.87,187.5,185.13,191.49,172.14,143.49,140.37,146.25,149.22,133.56,137.01,129.21,154.92,180.51,161.82,144.66,148.11,147.78
5257822017 CHRISTIAN HILL CORP,3/12/2019,1 kWh,kWh,143.22,153.54,163.56,166.77,169.11,184.98,210.6,216.75,212.94,224.49,204.15,184.41,181.83,183.45,192.54,179.22,166.05,165.6,172.32,193.92,182.64,173.13,171.51,169.14
5257822017 CHRISTIAN HILL CORP,3/13/2019,1 kWh,kWh,174.03,170.61,177.39,178.98,180.0,191.19,212.13,235.86,232.08,211.5,201.81,174.12,158.55,157.95,162.36,163.89,171.48,170.61,176.46,186.9,159.27,146.94,143.16,140.52
5257822017 CHRISTIAN HILL CORP,3/14/2019,1 kWh,kWh,140.91,147.09,140.28,146.04,141.63,163.14,183.69,190.8,203.25,209.01,182.55,161.73,151.26,168.24,140.76,130.89,123.15,129.27,142.86,151.65,119.01,116.01,110.34,115.62
5257822017 CHRISTIAN HILL CORP,3/15/2019,1 kWh,kWh,117.6,121.56,124.56,117.57,117.39,127.95,144.6,143.46,145.11,170.04,174.39,152.46,125.88,121.5,103.44,95.67,98.34,101.25,109.17,131.82,108.3,92.49,91.47,99.9
5257822017 CHRISTIAN HILL CORP,3/16/2019,1 kWh,kWh,94.92,107.61,106.53,113.97,121.59,136.95,142.5,156.42,161.55,170.7,163.53,145.86,146.13,171.3,148.14,142.29,142.86,144.72,173.07,175.26,145.56,146.58,152.16,148.2
5257822017 CHRISTIAN HILL CORP,3/17/2019,1 kWh,kWh,149.67,155.46,157.98,159.69,156.93,177.6,184.74,183.6,201.6,210.57,219.09,178.95,178.95,182.58,170.1,152.73,148.44,160.65,180.63,190.08,157.08,158.55,159.75,162.03
5257822017 CHRISTIAN HILL CORP,3/18/2019,1 kWh,kWh,161.04,176.82,183.15,183.78,178.71,183.93,202.8,213.66,232.17,221.49,189.72,172.14,158.49,175.56,164.52,165.72,154.41,155.61,168.06,191.52,166.65,162.48,156.45,159.45
5257822017 CHRISTIAN HILL CORP,3/19/2019,1 kWh,kWh,157.65,165.48,177.78,178.56,186.27,202.68,222.78,233.1,221.64,210.66,199.05,188.49,175.47,196.68,176.88,177.54,169.53,165.66,171.93,191.82,167.88,160.8,151.83,158.67
5257822017 CHRISTIAN HILL CORP,3/20/2019,1 kWh,kWh,152.25,158.34,166.98,166.83,163.38,174.45,189.78,209.34,207.96,192.54,180.69,155.43,132.63,144.75,115.74,116.34,117.0,111.78,122.25,153.12,135.27,119.43,113.61,121.65
5257822017 CHRISTIAN HILL CORP,3/21/2019,1 kWh,kWh,122.4,126.39,132.51,131.01,134.31,142.26,162.03,165.33,153.15,171.27,163.23,161.04,145.65,146.91,154.71,128.58,132.78,134.91,154.74,157.32,134.64,124.08,127.41,119.82
5257822017 CHRISTIAN HILL CORP,3/22/2019,1 kWh,kWh,120.87,117.51,120.99,125.4,125.19,141.48,163.5,174.87,172.29,191.91,186.21,175.41,165.36,166.53,148.62,147.69,150.3,160.47,170.94,183.45,149.85,145.44,143.55,141.51
5257822017 CHRISTIAN HILL CORP,3/23/2019,1 kWh,kWh,136.65,144.15,149.34,147.12,149.13,158.85,174.57,201.72,208.71,212.31,203.73,185.28,169.56,167.01,144.24,128.7,132.03,135.45,156.69,181.38,163.71,157.11,152.31,146.91
5257822017 CHRISTIAN HILL CORP,3/24/2019,1 kWh,kWh,158.13,166.83,160.23,160.02,163.89,180.57,193.29,190.02,196.89,193.53,170.73,155.58,139.65,151.41,151.05,132.99,132.78,129.15,142.32,169.29,155.22,125.82,136.11,132.27
5257822017 CHRISTIAN HILL CORP,3/25/2019,1 kWh,kWh,139.92,132.81,136.47,140.34,140.85,158.58,170.97,190.74,183.24,200.58,177.3,156.93,147.27,156.63,135.63,133.47,142.71,134.43,153.57,172.11,151.71,151.71,145.26,141.63
5257822017 CHRISTIAN HILL CORP,3/26/2019,1 kWh,kWh,143.64,152.82,155.16,162.66,156.03,174.36,197.76,219.69,220.2,203.16,193.44,183.24,168.3,172.89,156.9,145.08,140.61,149.64,153.99,184.2,172.71,153.63,146.88,152.37
5257822017 CHRISTIAN HILL CORP,3/27/2019,1 kWh,kWh,154.32,158.37,163.65,167.73,166.95,182.82,206.1,223.32,227.64,211.47,188.16,177.45,163.71,169.53,152.22,130.08,138.78,134.01,146.64,162.48,151.47,146.82,140.37,146.34
5257822017 CHRISTIAN HILL CORP,3/28/2019,1 kWh,kWh,149.58,151.77,153.78,152.58,151.95,167.7,200.85,200.7,209.61,202.89,184.44,172.5,134.88,148.2,139.92,109.47,116.31,123.39,137.58,145.32,115.53,118.05,117.0,120.54
5257822017 CHRISTIAN HILL CORP,3/29/2019,1 kWh,kWh,119.43,118.17,121.14,118.95,113.16,132.18,144.27,168.21,170.49,174.24,163.95,152.19,150.93,161.25,154.68,147.87,137.91,138.87,141.27,148.08,118.29,113.85,114.57,109.47
5257822017 CHRISTIAN HILL CORP,3/30/2019,1 kWh,kWh,108.96,109.77,116.49,109.89,124.41,124.65,135.15,140.94,147.84,152.46,142.11,132.99,123.96,129.3,103.29,95.76,100.71,103.47,105.39,127.11,95.58,93.15,87.18,86.01
5257822017 CHRISTIAN HILL CORP,3/31/2019,1 kWh,kWh,78.9,78.03,80.79,85.26,89.88,93.57,101.97,117.75,120.87,119.7,135.57,125.73,128.79,141.66,135.45,128.61,143.76,143.82,152.91,157.38,144.6,139.41,133.38,130.56
5257822017 CHRISTIAN HILL CORP,4/1/2019,1 kWh,kWh,131.67,139.44,141.03,141.27,149.67,157.29,179.73,192.72,187.44,179.52,170.76,153.63,151.53,170.61,164.82,144.69,140.43,134.52,139.77,168.12,151.23,144.0,144.45,146.07
5257822017 CHRISTIAN HILL CORP,4/2/2019,1 kWh,kWh,145.86,149.25,150.51,150.63,151.8,181.14,202.53,204.96,213.75,203.28,187.44,169.53,148.59,160.35,147.6,127.29,129.33,138.87,153.48,156.93,137.94,128.55,121.86,120.15
5257822017 CHRISTIAN HILL CORP,4/3/2019,1 kWh,kWh,125.76,127.65,125.49,129.06,132.3,140.04,163.56,175.83,171.54,167.79,148.38,131.52,116.01,130.68,107.61,92.7,92.22,87.42,115.95,145.56,123.0,131.76,134.31,127.56
5257822017 CHRISTIAN HILL CORP,4/4/2019,1 kWh,kWh,128.97,133.98,138.69,135.0,143.79,149.07,172.59,173.85,176.88,180.42,168.06,161.58,148.59,155.25,138.66,124.08,138.63,139.53,151.17,171.15,142.38,138.48,137.37,136.23
5257822017 CHRISTIAN HILL CORP,4/5/2019,1 kWh,kWh,140.43,144.75,145.71,151.53,161.13,166.29,175.02,198.81,198.09,204.15,183.27,184.29,171.21,185.28,158.37,160.86,169.2,167.82,185.37,198.51,170.88,155.76,151.08,151.53
5257822017 CHRISTIAN HILL CORP,4/6/2019,1 kWh,kWh,150.48,150.48,155.67,152.79,149.52,165.66,175.77,172.38,170.04,170.49,165.27,150.75,142.32,145.2,121.32,109.32,120.69,112.23,116.94,133.74,132.57,119.16,123.93,119.97
5257822017 CHRISTIAN HILL CORP,4/7/2019,1 kWh,kWh,123.3,122.28,126.36,123.27,127.23,137.73,148.2,166.32,159.09,156.99,130.68,106.35,95.55,106.89,92.82,76.2,88.35,93.45,99.9,111.39,113.34,88.11,82.89,85.71
5257822017 CHRISTIAN HILL CORP,4/8/2019,1 kWh,kWh,87.15,85.41,87.66,87.66,89.37,105.15,96.54,114.66,132.96,144.21,146.07,136.29,128.49,154.65,141.3,131.37,133.8,136.5,138.06,152.91,121.41,116.7,114.72,118.83
5257822017 CHRISTIAN HILL CORP,4/9/2019,1 kWh,kWh,117.78,125.91,120.93,119.61,121.68,138.69,148.89,152.76,157.26,154.92,132.0,122.37,116.19,141.72,136.11,130.35,141.33,146.49,143.07,150.42,135.39,112.41,111.18,108.9
5257822017 CHRISTIAN HILL CORP,4/10/2019,1 kWh,kWh,116.34,121.35,126.33,131.79,131.67,135.12,147.06,154.41,165.21,168.72,164.64,149.55,139.53,153.48,153.03,133.5,138.3,136.86,142.05,167.76,148.17,135.33,133.35,140.88
5257822017 CHRISTIAN HILL CORP,4/11/2019,1 kWh,kWh,141.03,143.16,146.82,144.03,150.36,166.95,165.9,194.49,173.28,179.82,164.04,157.38,135.06,147.96,140.52,135.42,143.94,140.46,154.95,162.69,133.68,114.0,117.99,116.61
5257822017 CHRISTIAN HILL CORP,4/12/2019,1 kWh,kWh,122.94,122.16,133.47,127.83,130.71,136.2,154.8,154.17,166.62,168.69,166.77,150.24,135.72,151.17,137.79,124.02,113.31,114.18,119.49,136.92,110.58,97.77,96.93,100.02
5257822017 CHRISTIAN HILL CORP,4/13/2019,1 kWh,kWh,97.95,93.27,93.6,92.22,99.69,106.71,123.33,117.57,116.34,128.82,119.85,97.38,84.21,102.12,76.23,80.64,85.86,79.53,92.52,106.38,83.94,81.48,82.14,81.9
5257822017 CHRISTIAN HILL CORP,4/14/2019,1 kWh,kWh,82.71,81.18,84.24,81.57,85.26,97.29,116.22,115.17,123.39,124.77,129.9,115.35,98.4,105.21,88.68,77.67,72.96,85.71,97.29,98.19,85.92,71.79,69.09,71.58
5257822017 CHRISTIAN HILL CORP,4/15/2019,1 kWh,kWh,66.33,69.3,73.86,77.34,87.84,97.32,107.19,111.96,124.26,118.65,107.61,99.09,98.94,118.77,115.32,115.23,116.46,118.2,129.75,152.1,147.48,115.62,113.46,113.52
5257822017 CHRISTIAN HILL CORP,4/16/2019,1 kWh,kWh,119.43,113.31,114.96,117.45,125.37,138.06,156.42,175.53,170.34,168.54,152.67,139.08,126.09,129.15,113.79,98.88,99.0,107.52,114.42,129.18,115.32,113.91,119.22,112.32
5257822017 CHRISTIAN HILL CORP,4/17/2019,1 kWh,kWh,116.85,119.28,120.69,120.18,131.61,143.79,158.64,162.0,155.58,154.53,139.2,112.68,99.42,110.34,109.14,98.76,88.8,86.64,96.72,124.86,100.59,96.54,93.69,94.44
5257822017 CHRISTIAN HILL CORP,4/18/2019,1 kWh,kWh,105.09,105.48,102.93,106.62,103.8,115.17,133.26,127.95,143.76,158.76,147.75,133.11,118.77,135.69,124.29,119.04,113.7,104.04,117.09,121.83,92.49,82.11,89.64,88.83
5257822017 CHRISTIAN HILL CORP,4/19/2019,1 kWh,kWh,93.9,88.08,90.12,84.57,88.44,96.66,104.7,106.65,115.47,121.32,117.96,102.48,89.31,98.43,75.33,71.88,79.74,76.29,82.02,101.13,87.21,67.71,62.37,61.02
5257822017 CHRISTIAN HILL CORP,4/20/2019,1 kWh,kWh,62.37,60.66,65.46,65.64,65.82,75.99,89.7,89.34,79.47,103.02,103.89,86.82,85.77,95.88,83.67,81.09,79.98,86.49,82.5,105.54,102.45,76.11,74.43,73.95
5257822017 CHRISTIAN HILL CORP,4/21/2019,1 kWh,kWh,79.95,81.72,80.46,79.41,77.22,97.23,103.59,106.74,107.25,105.99,112.71,98.7,89.04,103.41,88.38,75.63,83.7,78.42,79.65,99.39,101.64,75.0,79.44,72.87
5257822017 CHRISTIAN HILL CORP,4/22/2019,1 kWh,kWh,73.08,77.31,80.16,76.65,83.79,99.24,106.41,110.28,107.4,121.68,122.82,103.95,92.64,111.81,97.86,92.52,87.84,93.3,107.07,121.41,88.86,69.18,62.49,70.68
5257822017 CHRISTIAN HILL CORP,4/23/2019,1 kWh,kWh,71.13,76.95,78.51,88.56,89.43,100.68,128.4,130.77,122.37,122.49,104.28,90.45,85.35,93.81,82.11,78.93,78.54,81.06,84.06,102.75,82.89,74.55,66.96,74.07
5257822017 CHRISTIAN HILL CORP,4/24/2019,1 kWh,kWh,69.36,74.04,78.3,77.55,78.48,90.33,102.33,113.01,110.49,109.41,115.41,112.14,96.48,101.46,114.84,105.93,105.72,99.51,107.58,123.18,114.42,98.67,96.96,98.04
5257822017 CHRISTIAN HILL CORP,4/25/2019,1 kWh,kWh,100.5,107.07,111.18,115.59,120.81,125.7,143.52,149.43,139.29,136.5,131.1,115.44,93.63,102.24,87.6,82.38,73.83,73.11,80.28,107.73,86.37,76.5,77.91,71.88
5257822017 CHRISTIAN HILL CORP,4/26/2019,1 kWh,kWh,75.15,74.04,77.01,73.83,77.88,87.15,103.71,110.07,119.67,133.17,129.12,119.31,106.92,130.68,115.5,113.97,119.58,110.7,122.94,144.93,125.49,99.15,95.13,94.89
5257822017 CHRISTIAN HILL CORP,4/27/2019,1 kWh,kWh,106.83,105.54,105.3,106.17,111.69,134.25,142.41,143.88,156.09,158.52,152.43,147.63,144.63,160.05,133.86,139.89,142.89,148.08,163.59,177.48,162.66,135.78,126.63,130.47
5257822017 CHRISTIAN HILL CORP,4/28/2019,1 kWh,kWh,124.8,126.72,128.49,129.12,134.49,143.85,161.52,150.18,153.42,156.42,163.71,158.34,148.38,154.11,142.98,142.2,136.2,135.24,131.16,154.92,159.99,125.25,124.44,123.24
5257822017 CHRISTIAN HILL CORP,4/29/2019,1 kWh,kWh,131.43,132.72,133.89,137.31,147.15,158.04,164.79,163.86,165.63,148.11,131.64,126.63,116.61,115.53,117.99,104.76,110.97,118.8,123.66,135.66,124.71,111.54,104.88,105.51
5257822017 CHRISTIAN HILL CORP,4/30/2019,1 kWh,kWh,112.11,117.87,122.79,124.65,136.41,141.69,156.48,148.92,161.67,178.44,171.15,166.98,145.62,156.09,135.0,115.68,116.49,114.93,122.61,131.4,135.93,117.87,111.96,101.55
5257822017 CHRISTIAN HILL CORP,5/1/2019,1 kWh,kWh,111.6,115.11,124.29,122.91,133.8,137.76,136.83,143.52,145.83,169.41,168.03,157.41,130.71,143.01,131.43,121.98,129.0,128.22,129.33,156.75,139.86,115.02,114.36,106.8
5257822017 CHRISTIAN HILL CORP,5/2/2019,1 kWh,kWh,108.12,113.43,124.89,115.68,121.65,134.22,131.19,132.75,112.68,154.92,128.85,128.25,112.56,130.32,105.54,102.36,97.95,87.24,96.45,107.01,82.56,84.18,83.82,94.23
5257822017 CHRISTIAN HILL CORP,5/3/2019,1 kWh,kWh,91.32,85.65,95.01,95.16,105.42,121.89,117.45,131.28,129.36,138.12,142.11,140.1,139.08,146.25,125.76,116.04,112.2,109.53,127.35,125.97,103.41,97.5,97.44,94.5
5257822017 CHRISTIAN HILL CORP,5/4/2019,1 kWh,kWh,93.45,94.56,97.35,91.98,98.13,110.73,116.46,120.63,122.97,113.28,121.17,107.85,95.91,105.33,97.53,77.04,84.33,81.21,81.99,98.88,102.03,79.74,74.31,78.0
5257822017 CHRISTIAN HILL CORP,5/5/2019,1 kWh,kWh,79.86,77.37,79.65,79.44,81.18,96.9,101.61,105.24,110.49,119.04,114.27,106.83,107.82,107.34,104.91,94.2,97.68,104.94,104.88,113.91,123.69,96.06,87.09,87.54
5257822017 CHRISTIAN HILL CORP,5/6/2019,1 kWh,kWh,91.74,93.99,92.49,92.43,93.51,111.75,126.99,120.09,110.94,110.55,100.68,95.31,94.53,100.65,84.66,93.18,84.96,78.09,83.4,102.0,88.47,82.05,72.78,67.89
5257822017 CHRISTIAN HILL CORP,5/7/2019,1 kWh,kWh,67.83,68.73,85.86,83.79,90.63,100.98,106.29,112.05,102.75,116.43,104.64,90.81,83.58,91.35,76.2,73.14,69.87,78.12,78.6,91.08,70.2,72.03,69.9,69.21
5257822017 CHRISTIAN HILL CORP,5/8/2019,1 kWh,kWh,70.05,76.26,83.82,85.65,94.95,93.78,102.39,104.34,110.55,111.78,107.58,96.72,85.86,95.34,82.68,77.46,74.19,72.21,74.94,97.71,81.0,68.43,68.34,72.09
5257822017 CHRISTIAN HILL CORP,5/9/2019,1 kWh,kWh,78.33,81.51,93.69,94.14,92.94,105.33,117.09,121.71,118.14,134.16,131.64,101.76,88.17,101.34,87.18,84.81,87.03,99.51,100.89,103.44,83.55,83.49,77.25,76.23
5257822017 CHRISTIAN HILL CORP,5/10/2019,1 kWh,kWh,74.49,77.55,79.23,84.81,94.92,94.05,107.1,115.08,137.61,137.04,130.95,122.28,105.72,115.68,111.69,102.0,90.72,85.38,93.18,98.82,79.05,74.49,71.04,69.42
5257822017 CHRISTIAN HILL CORP,5/11/2019,1 kWh,kWh,69.84,75.21,74.1,80.79,91.59,104.94,118.17,118.68,107.37,109.74,110.01,85.98,81.63,90.81,91.56,79.65,75.24,73.11,80.67,95.34,77.25,71.07,69.18,71.85
5257822017 CHRISTIAN HILL CORP,5/12/2019,1 kWh,kWh,70.71,79.38,77.79,78.24,89.55,94.11,110.7,119.04,129.0,144.87,155.25,147.87,136.86,140.19,147.42,143.34,140.43,141.21,159.81,162.69,126.9,119.64,122.55,121.05
5257822017 CHRISTIAN HILL CORP,5/13/2019,1 kWh,kWh,122.73,122.85,129.03,130.14,133.14,145.17,151.83,145.62,162.21,173.67,153.51,135.84,125.76,136.77,134.97,116.73,120.99,134.7,136.44,156.63,140.19,125.01,118.17,111.21
5257822017 CHRISTIAN HILL CORP,5/14/2019,1 kWh,kWh,118.71,121.95,125.55,123.81,123.93,143.1,154.29,164.07,162.03,169.02,170.61,167.64,152.19,159.84,156.12,145.62,146.79,138.39,134.46,156.21,125.82,108.03,111.66,113.67
5257822017 CHRISTIAN HILL CORP,5/15/2019,1 kWh,kWh,113.55,119.97,122.61,127.14,130.98,134.82,166.8,165.84,174.69,156.99,146.88,145.83,113.04,119.37,103.23,97.44,103.26,94.98,91.86,111.36,96.93,98.4,92.85,89.52
5257822017 CHRISTIAN HILL CORP,5/16/2019,1 kWh,kWh,98.64,102.42,112.71,109.74,116.76,125.67,126.72,123.78,114.63,125.22,107.97,105.33,86.28,101.46,92.13,90.51,82.17,81.03,82.14,108.78,90.45,87.54,82.05,87.78
5257822017 CHRISTIAN HILL CORP,5/17/2019,1 kWh,kWh,89.76,85.26,87.99,84.78,100.77,114.39,115.89,113.19,122.46,129.75,129.75,131.22,119.28,130.41,127.08,107.7,104.1,92.97,89.34,102.15,90.51,81.51,81.66,82.56
5257822017 CHRISTIAN HILL CORP,5/18/2019,1 kWh,kWh,81.54,82.08,91.41,83.31,94.32,106.08,109.92,120.0,114.27,114.96,104.46,91.47,97.47,96.93,85.02,80.64,74.34,75.15,76.47,97.59,99.12,82.74,79.35,74.94
5257822017 CHRISTIAN HILL CORP,5/19/2019,1 kWh,kWh,79.11,81.18,82.23,81.54,80.88,97.92,96.3,101.16,96.03,105.9,100.65,89.16,72.48,80.37,87.69,73.83,76.23,75.33,73.65,78.15,93.15,75.09,62.61,57.15
5257822017 CHRISTIAN HILL CORP,5/20/2019,1 kWh,kWh,51.69,55.71,54.39,47.76,55.02,67.62,81.36,91.89,105.45,121.29,112.92,103.74,96.9,108.45,100.71,96.48,86.61,83.73,79.32,91.68,88.38,69.72,69.0,67.71
5257822017 CHRISTIAN HILL CORP,5/21/2019,1 kWh,kWh,67.08,71.07,75.3,77.73,81.69,93.72,101.1,112.23,118.98,129.54,125.46,125.73,100.65,106.74,90.21,92.91,85.62,76.89,90.06,96.93,91.59,77.64,75.96,80.25
5257822017 CHRISTIAN HILL CORP,5/22/2019,1 kWh,kWh,76.86,80.46,85.05,81.99,95.64,107.79,116.19,116.67,115.29,123.78,120.12,95.91,92.31,101.94,92.64,91.02,79.44,72.87,79.86,101.1,108.66,77.43,72.51,71.52
5257822017 CHRISTIAN HILL CORP,5/23/2019,1 kWh,kWh,70.35,67.56,70.89,72.69,74.16,91.2,104.67,114.12,117.9,116.58,107.4,111.66,83.85,100.41,84.51,81.15,79.5,82.98,81.12,88.83,82.53,70.59,68.61,63.84
5257822017 CHRISTIAN HILL CORP,5/24/2019,1 kWh,kWh,67.62,61.74,69.48,69.51,80.85,87.36,90.54,103.65,112.86,106.95,108.18,94.44,92.52,102.12,97.56,98.73,93.03,89.97,98.67,113.46,84.27,77.91,81.3,75.48
5257822017 CHRISTIAN HILL CORP,5/25/2019,1 kWh,kWh,79.44,77.88,88.74,85.05,99.0,113.07,115.59,119.16,116.64,109.8,107.43,95.22,78.66,86.52,81.15,73.59,73.14,71.94,90.81,96.81,79.17,79.29,82.17,87.21
5257822017 CHRISTIAN HILL CORP,5/26/2019,1 kWh,kWh,79.44,77.88,74.46,78.51,84.24,93.06,93.03,97.29,98.49,98.67,107.94,91.11,83.16,101.34,89.91,89.52,82.95,80.31,84.39,93.78,68.91,68.34,64.98,64.83
5257822017 CHRISTIAN HILL CORP,5/27/2019,1 kWh,kWh,67.92,78.12,82.08,81.03,86.46,96.42,106.65,105.48,103.08,100.44,102.87,94.53,85.65,100.17,95.58,80.34,81.75,77.46,71.61,86.46,90.27,67.89,68.4,68.67
5257822017 CHRISTIAN HILL CORP,5/28/2019,1 kWh,kWh,69.12,75.0,80.49,85.86,84.12,90.96,99.75,103.65,108.78,116.58,117.15,116.19,103.71,111.84,106.68,100.2,109.41,117.39,129.36,126.18,99.9,96.18,86.97,96.24
5257822017 CHRISTIAN HILL CORP,5/29/2019,1 kWh,kWh,95.43,101.43,99.51,95.37,104.73,111.66,118.47,130.44,118.2,126.51,126.66,104.13,91.65,93.75,88.95,83.43,82.5,84.3,87.15,98.01,74.37,72.63,73.38,73.38
5257822017 CHRISTIAN HILL CORP,5/30/2019,1 kWh,kWh,74.46,73.92,75.03,70.5,80.61,93.12,100.29,102.12,95.97,100.62,123.21,126.78,107.19,123.9,101.22,93.24,91.02,83.58,90.0,107.01,85.05,75.75,68.82,64.59
5257822017 CHRISTIAN HILL CORP,5/31/2019,1 kWh,kWh,64.2,66.15,71.91,70.08,88.74,90.06,100.26,107.46,110.01,116.64,110.37,98.52,92.01,106.62,95.31,89.22,82.35,80.91,82.86,97.86,86.67,87.06,76.86,74.49
5257822017 CHRISTIAN HILL CORP,6/1/2019,1 kWh,kWh,80.76,83.79,91.14,90.75,91.86,97.92,105.66,108.18,109.71,114.93,122.46,108.99,81.06,95.16,86.46,79.86,81.18,83.01,81.33,99.45,94.44,70.71,69.42,62.22
5257822017 CHRISTIAN HILL CORP,6/2/2019,1 kWh,kWh,61.89,68.25,69.0,68.97,74.67,87.9,87.81,95.34,99.96,106.53,109.14,94.02,86.43,90.06,94.23,82.23,83.76,79.23,77.43,91.98,100.56,72.12,69.84,69.63
5257822017 CHRISTIAN HILL CORP,6/3/2019,1 kWh,kWh,74.19,84.75,93.75,91.2,102.84,117.24,117.69,123.09,119.52,129.72,121.05,113.37,93.57,102.24,102.93,98.67,95.01,98.19,111.66,120.18,96.84,93.03,93.3,88.14
5257822017 CHRISTIAN HILL CORP,6/4/2019,1 kWh,kWh,97.89,105.36,107.34,110.19,116.94,137.49,134.85,122.37,115.44,130.2,118.59,104.67,97.59,102.54,110.91,108.87,88.95,91.77,88.38,107.46,98.07,79.95,83.88,73.77
5257822017 CHRISTIAN HILL CORP,6/5/2019,1 kWh,kWh,76.32,85.2,79.26,85.89,90.69,96.21,95.79,90.78,96.84,111.24,114.0,109.14,96.27,102.48,100.8,83.91,87.06,83.49,82.95,89.4,84.81,68.01,63.54,64.8
5257822017 CHRISTIAN HILL CORP,6/6/2019,1 kWh,kWh,61.41,60.78,58.98,59.49,62.7,75.75,87.21,94.65,98.22,111.15,116.19,109.08,101.97,110.91,102.51,89.31,84.15,86.64,88.02,99.27,86.61,75.72,70.92,69.63
5257822017 CHRISTIAN HILL CORP,6/7/2019,1 kWh,kWh,68.31,67.83,72.03,73.56,84.06,88.77,91.11,103.29,109.17,113.79,113.28,103.65,93.45,107.7,100.65,97.92,83.43,87.72,78.63,90.81,82.14,72.06,69.78,68.43
5257822017 CHRISTIAN HILL CORP,6/8/2019,1 kWh,kWh,69.12,69.42,74.88,75.45,89.22,89.49,91.98,104.67,103.38,112.59,118.35,100.02,88.05,99.81,96.63,90.72,87.72,84.9,82.86,94.11,84.96,70.86,70.2,66.63
5257822017 CHRISTIAN HILL CORP,6/9/2019,1 kWh,kWh,65.19,65.16,66.15,66.93,80.16,88.92,89.79,92.01,90.75,100.8,109.62,95.46,89.73,99.21,97.65,82.8,80.58,77.67,83.13,90.63,77.61,66.63,65.79,61.98
5257822017 CHRISTIAN HILL CORP,6/10/2019,1 kWh,kWh,64.89,68.55,71.28,70.86,82.23,88.11,93.69,95.88,99.09,106.95,108.06,102.24,87.81,97.83,90.63,79.56,83.31,80.7,84.39,95.73,89.91,62.79,60.42,60.84
5257822017 CHRISTIAN HILL CORP,6/11/2019,1 kWh,kWh,57.96,56.52,59.88,55.98,61.38,76.68,81.78,88.8,94.2,113.37,118.98,107.82,97.59,102.18,99.57,85.71,81.78,79.17,84.84,91.47,72.6,60.66,64.47,63.72
5257822017 CHRISTIAN HILL CORP,6/12/2019,1 kWh,kWh,63.66,62.67,68.55,70.95,85.83,93.12,102.81,111.15,108.0,119.97,116.07,105.9,94.23,103.83,98.46,83.31,76.92,75.96,83.1,100.95,85.23,74.58,76.38,72.96
5257822017 CHRISTIAN HILL CORP,6/13/2019,1 kWh,kWh,68.85,72.78,68.52,72.78,84.66,88.89,96.42,91.68,102.66,123.24,133.8,118.32,98.1,104.4,93.84,83.97,76.05,80.04,84.48,98.43,89.37,75.12,71.49,69.69
5257822017 CHRISTIAN HILL CORP,6/14/2019,1 kWh,kWh,69.87,69.75,66.75,69.33,65.85,79.71,88.65,92.52,89.19,97.62,102.0,100.17,84.9,107.37,100.95,105.06,101.1,94.95,88.08,102.84,96.24,82.44,75.87,74.61
5257822017 CHRISTIAN HILL CORP,6/15/2019,1 kWh,kWh,75.09,77.34,75.81,71.28,75.57,93.69,102.84,103.47,120.24,110.67,107.94,89.85,78.57,84.51,89.73,73.05,77.37,71.25,73.71,81.69,94.71,71.82,65.07,58.95
5257822017 CHRISTIAN HILL CORP,6/16/2019,1 kWh,kWh,62.34,61.23,58.05,57.0,52.71,73.8,85.35,89.67,89.85,93.12,101.07,95.58,84.78,96.69,88.77,87.18,80.91,78.18,76.35,81.93,84.33,60.54,58.29,57.06
5257822017 CHRISTIAN HILL CORP,6/17/2019,1 kWh,kWh,56.16,54.12,59.25,56.19,67.56,72.21,72.81,86.04,86.13,103.89,102.12,94.26,89.34,100.86,95.58,92.88,85.17,77.76,76.89,93.0,76.83,68.25,65.31,61.23
5257822017 CHRISTIAN HILL CORP,6/18/2019,1 kWh,kWh,57.87,58.74,62.25,64.59,74.04,76.89,82.29,91.62,92.76,106.62,110.64,102.45,85.95,90.99,100.2,95.13,90.99,89.1,89.82,102.66,91.35,75.51,71.82,68.34
5257822017 CHRISTIAN HILL CORP,6/19/2019,1 kWh,kWh,68.01,64.08,63.75,62.79,74.49,82.44,81.9,94.32,96.63,109.74,116.49,109.23,100.44,108.3,107.94,93.9,93.66,91.89,90.15,96.99,87.15,71.97,71.01,69.18
5257822017 CHRISTIAN HILL CORP,6/20/2019,1 kWh,kWh,68.1,64.77,64.02,64.8,67.44,76.08,85.77,91.65,97.23,116.43,120.27,111.09,98.46,113.58,105.87,101.07,104.97,98.37,94.74,89.79,74.82,72.24,70.32,70.44
5257822017 CHRISTIAN HILL CORP,6/21/2019,1 kWh,kWh,66.3,69.06,69.6,68.19,75.9,88.71,92.28,95.25,107.91,124.08,119.52,108.3,95.19,113.79,106.86,100.59,94.53,89.76,101.67,113.49,85.47,75.96,74.31,76.59
5257822017 CHRISTIAN HILL CORP,6/22/2019,1 kWh,kWh,72.66,68.76,74.25,77.7,86.91,94.8,86.94,105.21,93.48,103.8,106.23,88.56,82.71,93.12,89.55,88.56,81.78,81.27,88.41,101.94,89.82,84.0,80.64,76.92
5257822017 CHRISTIAN HILL CORP,6/23/2019,1 kWh,kWh,78.48,70.83,66.45,68.85,75.27,91.2,92.58,100.83,97.89,109.86,113.67,106.23,91.86,102.51,95.49,91.17,87.63,88.11,78.96,94.83,87.93,72.06,66.63,60.87
5257822017 CHRISTIAN HILL CORP,6/24/2019,1 kWh,kWh,63.93,66.66,73.41,72.51,79.56,88.68,98.19,97.59,97.17,107.49,121.23,116.73,100.71,108.9,111.36,98.67,94.47,93.57,87.84,88.38,101.19,81.57,70.89,65.31
5257822017 CHRISTIAN HILL CORP,6/25/2019,1 kWh,kWh,65.55,66.0,65.43,57.99,60.24,73.17,88.14,96.06,98.64,112.8,118.32,110.46,102.96,109.38,114.69,100.98,107.94,101.46,100.08,105.99,85.53,75.84,74.67,72.54
5257822017 CHRISTIAN HILL CORP,6/26/2019,1 kWh,kWh,68.49,65.79,67.44,67.59,78.09,88.83,95.01,98.22,100.95,119.91,125.37,115.62,108.99,121.17,117.03,106.77,106.65,102.75,100.65,111.12,96.21,82.65,82.11,84.33
5257822017 CHRISTIAN HILL CORP,6/27/2019,1 kWh,kWh,84.57,79.71,75.66,71.67,84.66,86.85,94.65,101.91,99.03,122.52,129.48,123.48,107.34,123.81,121.62,115.29,108.6,103.02,101.55,108.66,82.17,78.69,78.21,74.07
5257822017 CHRISTIAN HILL CORP,6/28/2019,1 kWh,kWh,68.19,71.01,72.3,70.47,78.03,91.71,92.67,85.5,99.87,123.33,132.39,120.57,107.04,124.5,124.74,110.04,105.45,102.3,97.17,108.69,97.77,77.91,79.65,75.36
5257822017 CHRISTIAN HILL CORP,6/29/2019,1 kWh,kWh,75.03,72.06,70.47,66.45,67.68,77.25,84.78,93.39,99.9,113.88,131.82,113.82,107.94,121.95,125.61,112.62,103.5,102.09,97.44,109.14,115.23,91.8,77.91,77.4
5257822017 CHRISTIAN HILL CORP,6/30/2019,1 kWh,kWh,74.22,71.13,72.15,68.79,66.03,82.35,83.46,92.49,96.3,106.71,109.89,89.64,92.34,93.39,101.43,95.07,88.98,87.06,81.51,93.78,97.17,82.44,69.27,67.41
5257822017 CHRISTIAN HILL CORP,7/1/2019,1 kWh,kWh,66.45,65.91,66.09,66.81,77.19,90.18,89.76,90.99,90.15,97.17,122.88,115.77,113.49,123.75,114.63,108.33,106.05,105.75,99.51,111.03,87.87,78.24,74.01,75.18
5257822017 CHRISTIAN HILL CORP,7/2/2019,1 kWh,kWh,74.49,69.63,69.27,71.61,81.3,82.56,85.14,89.7,105.81,120.21,118.5,112.2,100.14,110.49,108.03,98.13,92.88,92.01,92.55,108.54,86.88,80.28,75.69,74.13
5257822017 CHRISTIAN HILL CORP,7/3/2019,1 kWh,kWh,71.04,64.23,63.6,59.43,72.06,77.73,81.9,88.68,104.04,122.46,121.38,120.06,113.28,121.38,130.59,119.85,109.29,104.7,97.89,111.66,99.72,79.92,74.91,74.46
5257822017 CHRISTIAN HILL CORP,7/4/2019,1 kWh,kWh,69.75,67.11,67.83,67.8,77.64,87.48,87.18,91.02,103.2,122.43,122.73,120.99,109.92,130.68,122.55,125.07,119.67,116.67,113.61,118.98,96.45,87.54,85.68,82.68
5257822017 CHRISTIAN HILL CORP,7/5/2019,1 kWh,kWh,78.33,76.95,76.11,75.36,73.11,86.22,95.91,104.31,107.4,128.34,135.93,126.0,113.4,129.9,124.68,123.0,117.81,114.12,114.36,125.07,112.02,90.03,90.0,88.02
5257822017 CHRISTIAN HILL CORP,7/6/2019,1 kWh,kWh,84.87,80.94,79.86,77.94,91.11,96.39,100.62,110.22,119.58,133.35,135.84,129.75,127.71,140.25,133.2,114.84,108.72,104.22,108.51,115.83,94.68,91.05,88.77,84.51
5257822017 CHRISTIAN HILL CORP,7/7/2019,1 kWh,kWh,88.8,85.02,83.46,80.67,92.91,96.0,97.53,99.81,105.87,118.98,127.08,114.24,101.22,120.3,106.26,106.44,97.32,96.21,97.59,108.0,96.33,78.18,73.74,73.56
5257822017 CHRISTIAN HILL CORP,7/8/2019,1 kWh,kWh,75.48,76.59,74.79,72.57,78.21,86.94,95.82,93.75,95.85,109.62,121.32,110.55,100.8,116.97,115.59,102.3,97.77,95.07,107.88,108.9,93.84,75.96,72.84,70.92
5257822017 CHRISTIAN HILL CORP,7/9/2019,1 kWh,kWh,70.26,69.75,71.55,70.08,69.75,84.87,91.23,91.53,104.58,127.29,136.74,123.63,120.27,126.09,132.75,125.19,110.07,110.7,104.16,114.9,97.95,82.38,77.91,72.54
5257822017 CHRISTIAN HILL CORP,7/10/2019,1 kWh,kWh,71.07,70.05,75.0,77.1,80.1,93.84,104.04,102.06,106.17,122.34,136.98,126.42,107.34,124.38,122.37,105.57,108.72,101.55,104.88,117.24,99.48,84.51,81.36,78.15
5257822017 CHRISTIAN HILL CORP,7/11/2019,1 kWh,kWh,78.12,76.77,76.86,73.26,73.92,87.42,96.0,108.09,116.25,137.25,140.52,125.58,115.5,129.42,128.58,121.38,107.52,109.29,105.66,114.21,95.28,79.83,78.9,76.95
5257822017 CHRISTIAN HILL CORP,7/12/2019,1 kWh,kWh,75.39,74.97,75.3,76.8,75.6,87.45,97.23,111.09,122.22,121.35,137.73,122.7,115.2,127.8,118.08,115.92,106.23,99.6,94.77,107.76,95.58,80.37,80.73,76.56
5257822017 CHRISTIAN HILL CORP,7/13/2019,1 kWh,kWh,74.88,74.76,75.51,76.47,76.11,91.35,98.1,103.59,98.82,111.84,113.37,102.39,107.73,119.28,115.71,107.01,111.93,108.48,106.32,116.73,116.82,84.93,80.58,80.82
5257822017 CHRISTIAN HILL CORP,7/14/2019,1 kWh,kWh,75.93,74.22,74.55,71.61,73.05,86.88,91.98,100.2,102.12,122.43,115.11,113.25,109.29,123.45,120.21,109.38,110.52,102.78,98.37,108.57,118.62,83.16,79.35,74.82
5257822017 CHRISTIAN HILL CORP,7/15/2019,1 kWh,kWh,73.8,72.03,76.59,75.21,78.39,85.56,89.85,94.77,101.49,117.36,117.57,110.88,104.34,120.51,113.22,110.67,105.78,107.7,99.06,111.84,86.46,76.74,71.46,75.3
5257822017 CHRISTIAN HILL CORP,7/16/2019,1 kWh,kWh,71.43,70.92,79.11,73.53,86.37,93.9,97.74,92.43,91.5,114.84,131.46,120.42,111.15,132.42,129.93,118.05,120.54,112.17,112.53,121.71,96.21,89.88,85.8,85.29
5257822017 CHRISTIAN HILL CORP,7/17/2019,1 kWh,kWh,82.41,80.01,77.73,75.99,88.92,95.55,95.04,101.34,111.24,135.84,141.81,133.62,122.4,142.29,137.34,130.5,113.25,107.61,103.32,120.24,111.18,90.3,86.55,84.81
5257822017 CHRISTIAN HILL CORP,7/18/2019,1 kWh,kWh,82.83,79.62,80.22,78.27,77.55,93.15,109.56,105.84,116.43,132.87,131.1,125.97,107.19,120.27,119.49,114.96,99.15,89.85,87.54,102.75,95.79,78.24,76.35,74.58
5257822017 CHRISTIAN HILL CORP,7/19/2019,1 kWh,kWh,72.57,71.52,73.98,73.62,85.38,94.62,94.92,104.64,104.88,126.6,141.0,126.09,122.1,147.12,138.42,137.28,131.79,129.99,125.34,139.65,129.42,105.09,102.69,97.2
5257822017 CHRISTIAN HILL CORP,7/20/2019,1 kWh,kWh,96.99,91.56,87.42,87.75,100.53,105.72,106.53,107.19,125.37,141.45,156.84,142.38,136.53,143.58,156.42,140.28,146.31,133.17,132.06,139.92,124.59,109.89,99.39,96.63
5257822017 CHRISTIAN HILL CORP,7/21/2019,1 kWh,kWh,92.46,90.66,90.93,91.74,99.99,99.0,100.86,102.18,110.61,122.52,135.75,130.38,125.64,130.86,141.27,133.59,127.95,119.85,116.01,125.94,124.05,93.87,89.7,86.19
5257822017 CHRISTIAN HILL CORP,7/22/2019,1 kWh,kWh,82.14,82.14,81.69,82.26,97.26,105.69,104.7,99.78,111.48,124.2,131.34,121.32,108.39,119.43,120.36,94.32,94.17,89.4,88.35,111.78,105.66,77.04,74.25,72.72
5257822017 CHRISTIAN HILL CORP,7/23/2019,1 kWh,kWh,70.26,69.15,71.7,71.91,67.8,84.18,93.21,94.14,102.21,104.4,121.38,109.62,103.8,102.42,114.24,111.57,91.08,92.31,91.41,102.9,102.21,74.67,73.02,71.25
5257822017 CHRISTIAN HILL CORP,7/24/2019,1 kWh,kWh,72.21,75.57,80.85,83.76,92.85,93.99,102.57,101.04,103.83,119.25,121.71,109.38,111.3,113.64,106.02,95.64,94.32,90.27,85.11,104.13,77.64,69.33,67.65,67.11
5257822017 CHRISTIAN HILL CORP,7/25/2019,1 kWh,kWh,64.5,65.07,69.33,66.87,75.87,84.96,93.42,94.35,98.34,118.92,127.5,112.35,104.13,123.87,125.01,115.92,112.74,101.73,96.69,109.92,96.42,77.25,75.69,73.47
5257822017 CHRISTIAN HILL CORP,7/26/2019,1 kWh,kWh,72.57,72.09,72.3,69.9,79.65,89.1,93.0,91.11,99.84,111.36,119.76,109.14,105.39,118.8,118.56,108.6,105.09,100.77,101.55,108.78,109.47,79.38,76.68,71.31
5257822017 CHRISTIAN HILL CORP,7/27/2019,1 kWh,kWh,68.52,65.82,65.52,65.25,66.51,80.19,85.59,88.98,95.94,115.68,110.07,103.05,101.58,124.62,115.71,101.16,108.27,105.18,98.31,110.88,111.84,81.87,78.03,75.63
5257822017 CHRISTIAN HILL CORP,7/28/2019,1 kWh,kWh,78.36,74.58,73.68,70.44,71.25,86.64,91.65,98.82,105.27,120.09,117.27,116.85,117.06,123.06,131.91,116.28,115.5,115.83,110.4,115.77,123.15,91.44,84.45,80.97
5257822017 CHRISTIAN HILL CORP,7/29/2019,1 kWh,kWh,81.78,81.12,78.93,77.25,84.33,92.91,91.62,94.56,108.36,131.19,132.0,129.39,121.11,138.78,132.84,128.13,120.27,112.53,110.85,125.88,111.6,91.41,87.57,85.92
5257822017 CHRISTIAN HILL CORP,7/30/2019,1 kWh,kWh,78.87,76.89,77.52,75.42,85.41,91.83,94.74,104.64,121.41,140.1,151.02,143.22,132.36,157.47,151.44,147.45,133.92,127.59,125.49,131.4,118.14,99.63,95.22,91.29
5257822017 CHRISTIAN HILL CORP,7/31/2019,1 kWh,kWh,87.75,84.84,85.77,85.62,96.24,101.04,102.03,103.26,115.08,136.62,136.47,133.71,114.6,121.53,121.08,105.39,110.37,105.27,104.94,117.27,102.3,87.63,81.15,79.47
5257822017 CHRISTIAN HILL CORP,8/1/2019,1 kWh,kWh,78.36,75.69,78.0,70.86,74.19,90.6,91.35,103.44,109.23,132.66,133.86,129.96,111.3,123.81,120.72,110.88,103.08,102.03,99.36,113.7,97.41,80.82,77.28,75.45
5257822017 CHRISTIAN HILL CORP,8/2/2019,1 kWh,kWh,71.55,70.53,64.26,65.76,74.67,81.93,86.67,93.66,104.79,117.3,127.53,119.64,109.14,125.46,116.19,114.99,108.09,99.78,97.68,116.82,98.76,81.6,75.51,72.96
5257822017 CHRISTIAN HILL CORP,8/3/2019,1 kWh,kWh,74.01,71.94,70.2,66.63,78.99,90.63,93.72,94.59,98.49,120.36,117.36,107.43,112.41,115.5,126.96,110.97,104.79,100.23,95.01,108.66,92.19,78.87,75.09,73.05
5257822017 CHRISTIAN HILL CORP,8/4/2019,1 kWh,kWh,72.72,72.57,72.18,68.79,80.07,86.25,87.72,89.28,97.98,111.93,108.99,108.57,107.52,118.62,118.89,109.23,95.88,93.39,95.31,106.05,90.48,75.87,76.35,75.39
5257822017 CHRISTIAN HILL CORP,8/5/2019,1 kWh,kWh,73.77,72.06,68.7,70.32,70.32,83.61,93.48,97.74,100.32,118.53,117.18,107.94,105.3,110.4,112.5,98.31,97.32,94.08,92.34,106.92,94.47,73.62,73.44,67.47
5257822017 CHRISTIAN HILL CORP,8/6/2019,1 kWh,kWh,68.61,66.42,68.97,67.11,65.25,77.64,83.67,97.11,106.92,112.56,123.87,116.01,106.11,121.02,111.15,106.86,103.98,99.93,94.23,108.54,90.81,77.52,76.53,73.65
5257822017 CHRISTIAN HILL CORP,8/7/2019,1 kWh,kWh,73.14,70.26,70.83,71.46,71.79,87.36,95.73,100.29,110.88,121.62,124.14,122.37,116.07,129.36,120.72,111.24,97.89,88.65,93.57,107.4,92.28,77.94,76.95,72.63
5257822017 CHRISTIAN HILL CORP,8/8/2019,1 kWh,kWh,73.89,73.2,75.66,74.19,73.77,85.14,87.42,101.64,109.56,126.66,130.8,120.96,114.75,128.58,124.26,115.2,106.77,98.67,87.12,105.48,87.27,75.15,70.68,65.85
5257822017 CHRISTIAN HILL CORP,8/9/2019,1 kWh,kWh,64.86,65.52,67.44,65.46,67.23,81.24,92.04,98.79,105.39,121.56,121.44,112.23,103.77,119.07,108.69,99.15,99.75,96.27,94.65,104.31,93.78,73.17,72.06,70.68
5257822017 CHRISTIAN HILL CORP,8/10/2019,1 kWh,kWh,68.28,65.07,69.54,72.45,75.84,88.2,97.29,94.8,98.46,115.74,113.01,92.37,96.3,96.36,107.1,92.58,90.39,85.05,81.54,91.44,103.02,84.63,69.54,67.86
5257822017 CHRISTIAN HILL CORP,8/11/2019,1 kWh,kWh,66.81,66.39,68.64,65.97,63.63,76.32,74.49,78.39,83.34,100.71,97.95,89.25,76.53,85.83,95.25,87.18,79.74,77.31,79.92,95.46,89.22,63.03,60.78,56.28
5257822017 CHRISTIAN HILL CORP,8/12/2019,1 kWh,kWh,59.37,63.48,66.48,59.85,69.93,77.52,74.91,88.38,88.89,108.18,109.14,100.11,96.75,107.31,111.27,104.22,96.18,85.53,88.98,97.56,84.69,66.54,62.37,62.94
5257822017 CHRISTIAN HILL CORP,8/13/2019,1 kWh,kWh,60.96,59.79,61.17,58.95,69.48,85.23,88.11,88.47,97.02,111.66,118.44,105.9,97.14,104.07,110.61,114.39,100.92,93.21,91.2,112.38,84.75,84.57,80.13,74.04
5257822017 CHRISTIAN HILL CORP,8/14/2019,1 kWh,kWh,77.16,75.72,75.48,72.54,83.91,92.82,95.25,97.47,110.85,124.77,119.82,111.69,100.65,116.52,118.26,105.36,106.32,100.5,99.75,113.97,100.32,78.24,75.03,74.58
5257822017 CHRISTIAN HILL CORP,8/15/2019,1 kWh,kWh,76.38,77.34,74.01,71.73,74.82,87.09,96.51,105.06,115.62,131.58,122.4,112.83,114.15,124.86,126.27,111.24,102.33,100.11,102.03,112.98,85.92,71.97,69.48,69.51
5257822017 CHRISTIAN HILL CORP,8/16/2019,1 kWh,kWh,68.85,71.43,75.69,73.23,77.37,84.36,92.94,107.37,105.84,119.34,134.19,118.74,112.17,123.51,111.72,106.02,104.16,101.34,98.13,113.64,99.21,83.46,74.94,67.71
5257822017 CHRISTIAN HILL CORP,8/17/2019,1 kWh,kWh,73.44,76.83,79.98,75.63,88.53,94.89,100.17,102.54,113.91,119.37,120.6,123.33,118.05,130.29,132.45,123.84,113.07,108.06,109.53,120.0,89.76,82.5,76.26,79.14
5257822017 CHRISTIAN HILL CORP,8/18/2019,1 kWh,kWh,81.36,82.77,79.32,81.54,88.62,103.47,108.21,109.5,109.17,121.08,127.32,126.45,108.57,126.6,119.97,124.32,120.93,114.51,111.72,124.35,106.86,85.56,86.52,80.46
5257822017 CHRISTIAN HILL CORP,8/19/2019,1 kWh,kWh,78.69,78.63,78.09,80.04,89.88,105.12,105.21,102.48,119.76,136.29,141.03,136.98,127.62,146.4,138.33,131.52,121.89,118.38,113.22,124.8,110.61,87.0,84.06,78.69
5257822017 CHRISTIAN HILL CORP,8/20/2019,1 kWh,kWh,72.99,72.78,74.07,71.91,76.98,94.05,103.71,105.39,117.84,135.12,137.19,135.66,127.65,131.85,122.49,121.41,108.15,106.02,103.65,112.92,87.75,80.85,76.98,74.28
5257822017 CHRISTIAN HILL CORP,8/21/2019,1 kWh,kWh,72.9,72.78,68.91,64.38,77.34,85.05,86.67,93.09,105.03,128.13,134.28,125.34,117.9,131.07,127.08,116.16,109.38,106.32,106.89,110.19,85.23,76.83,73.98,77.76
5257822017 CHRISTIAN HILL CORP,8/22/2019,1 kWh,kWh,75.84,71.46,72.12,65.34,81.51,94.47,93.18,96.96,112.77,129.78,140.34,128.07,111.0,127.65,121.65,107.52,106.14,104.4,94.17,112.32,113.01,82.77,77.01,73.32
5257822017 CHRISTIAN HILL CORP,8/23/2019,1 kWh,kWh,78.42,80.01,76.47,73.11,88.74,91.41,93.96,98.79,106.89,121.92,121.77,113.22,98.25,112.05,100.86,96.99,85.83,83.22,88.8,106.38,97.17,69.63,66.45,63.9
5257822017 CHRISTIAN HILL CORP,8/24/2019,1 kWh,kWh,62.91,61.56,58.32,60.06,61.2,80.04,92.55,94.32,88.77,111.09,107.1,97.29,89.97,98.7,99.93,84.45,83.19,86.04,87.18,103.35,100.71,71.1,60.54,57.27
5257822017 CHRISTIAN HILL CORP,8/25/2019,1 kWh,kWh,57.96,53.64,58.71,56.31,54.93,76.35,82.5,87.3,90.99,96.42,106.05,89.19,80.52,95.37,89.16,78.45,76.8,81.78,77.82,85.95,87.72,64.92,57.42,53.52
5257822017 CHRISTIAN HILL CORP,8/26/2019,1 kWh,kWh,56.01,60.09,56.64,59.37,68.94,83.01,84.12,92.43,110.79,128.79,140.97,111.75,93.42,109.41,108.03,97.5,96.63,91.98,98.31,107.46,73.11,62.61,59.13,52.29
5257822017 CHRISTIAN HILL CORP,8/27/2019,1 kWh,kWh,55.53,64.35,59.49,66.51,79.65,92.16,88.05,95.88,102.24,114.63,112.44,97.59,84.24,103.77,88.68,92.25,88.65,85.26,86.04,108.36,76.02,65.88,61.41,64.35
5257822017 CHRISTIAN HILL CORP,8/28/2019,1 kWh,kWh,64.5,58.92,59.97,62.79,72.57,79.62,78.3,84.63,98.1,113.34,116.85,109.11,91.77,112.44,104.4,95.22,89.73,90.99,99.39,118.2,84.45,67.26,61.41,61.35
5257822017 CHRISTIAN HILL CORP,8/29/2019,1 kWh,kWh,63.18,58.11,59.16,63.09,61.32,74.73,87.42,86.79,101.43,113.97,120.9,106.92,102.69,120.12,108.66,97.92,94.8,90.99,85.62,110.73,90.03,70.41,70.17,69.63
5257822017 CHRISTIAN HILL CORP,8/30/2019,1 kWh,kWh,64.68,66.96,74.43,73.86,88.38,98.82,100.38,100.89,117.57,129.24,134.34,111.87,101.04,109.56,109.44,96.51,91.71,88.35,90.45,108.48,92.49,66.69,64.83,60.36
5257822017 CHRISTIAN HILL CORP,8/31/2019,1 kWh,kWh,59.79,61.56,63.12,67.41,76.86,90.48,98.82,102.45,107.64,117.42,120.21,101.64,89.13,108.42,103.2,91.38,86.04,86.22,84.39,106.89,110.55,81.9,82.8,87.18
5257822017 CHRISTIAN HILL CORP,9/1/2019,1 kWh,kWh,86.52,85.59,91.56,84.99,99.78,115.17,114.9,112.05,118.74,120.3,118.8,101.22,98.82,100.05,120.99,110.16,91.95,83.7,83.73,102.66,83.46,70.38,70.35,67.62
5257822017 CHRISTIAN HILL CORP,9/2/2019,1 kWh,kWh,64.56,65.79,70.53,65.73,65.31,84.27,97.14,104.91,99.24,103.08,107.88,104.46,93.81,101.88,104.55,98.19,96.03,92.97,91.38,114.54,103.38,73.17,69.12,69.39
5257822017 CHRISTIAN HILL CORP,9/3/2019,1 kWh,kWh,69.09,73.17,74.04,66.6,74.01,91.86,102.9,101.52,104.01,117.9,117.48,104.7,83.04,100.98,108.15,92.58,85.38,78.78,76.71,101.55,79.08,64.23,61.56,58.59
5257822017 CHRISTIAN HILL CORP,9/4/2019,1 kWh,kWh,62.61,67.14,66.57,63.6,74.82,85.89,91.32,105.12,106.98,115.14,110.34,108.66,96.3,113.4,116.28,106.62,102.06,88.38,89.79,99.54,74.91,72.18,69.99,68.76
5257822017 CHRISTIAN HILL CORP,9/5/2019,1 kWh,kWh,69.15,68.88,65.55,62.94,73.86,93.9,97.35,96.48,111.27,123.66,124.32,106.53,91.02,109.44,103.83,92.76,89.7,84.54,75.45,108.72,85.02,75.36,77.34,80.58
5257822017 CHRISTIAN HILL CORP,9/6/2019,1 kWh,kWh,74.04,69.81,73.14,71.46,87.18,95.43,91.77,96.48,106.2,117.6,121.26,99.9,84.33,106.17,106.17,93.93,90.69,85.53,94.11,111.96,95.55,72.45,77.25,71.22
5257822017 CHRISTIAN HILL CORP,9/7/2019,1 kWh,kWh,69.45,70.11,69.87,79.44,77.28,98.82,115.14,110.16,106.95,119.46,115.77,99.24,83.58,89.01,99.99,83.79,78.27,78.09,82.59,119.19,122.01,93.12,75.48,77.28
5257822017 CHRISTIAN HILL CORP,9/8/2019,1 kWh,kWh,76.86,74.94,72.06,67.68,74.85,89.43,95.4,94.53,102.06,104.64,111.06,89.04,80.94,87.72,100.35,83.4,88.71,82.29,92.49,105.78,107.79,75.66,71.31,67.53
5257822017 CHRISTIAN HILL CORP,9/9/2019,1 kWh,kWh,65.25,68.76,66.03,71.16,80.19,94.14,96.87,100.5,106.83,121.95,123.75,93.6,83.67,102.12,97.35,107.28,84.57,78.54,87.42,106.2,69.96,70.05,72.87,76.47
5257822017 CHRISTIAN HILL CORP,9/10/2019,1 kWh,kWh,69.45,71.49,70.59,69.48,89.43,97.29,99.0,103.77,110.13,117.66,122.25,104.52,95.61,110.46,95.52,88.35,86.31,81.18,85.86,110.22,89.25,77.07,82.77,73.35
5257822017 CHRISTIAN HILL CORP,9/11/2019,1 kWh,kWh,69.75,73.14,73.11,69.15,85.29,92.22,93.0,89.46,95.01,120.21,115.65,112.35,104.28,129.81,127.32,129.27,107.58,107.13,102.9,129.3,101.34,77.04,69.18,63.72
5257822017 CHRISTIAN HILL CORP,9/12/2019,1 kWh,kWh,62.22,64.89,66.6,68.73,71.61,82.62,89.4,93.72,113.76,122.13,115.86,109.8,97.02,113.61,103.68,119.28,101.25,112.98,121.26,131.85,104.07,93.63,94.26,90.12
5257822017 CHRISTIAN HILL CORP,9/13/2019,1 kWh,kWh,90.78,91.53,92.7,89.97,103.83,119.76,132.06,133.53,146.22,150.75,136.59,116.34,101.25,111.6,101.4,87.84,91.65,89.1,95.73,111.72,88.8,86.7,87.39,87.66
5257822017 CHRISTIAN HILL CORP,9/14/2019,1 kWh,kWh,84.06,84.12,82.92,84.72,104.88,114.72,113.79,113.64,124.44,132.24,124.53,121.26,99.72,126.69,110.91,99.66,95.85,95.55,107.61,115.74,94.17,85.92,85.41,78.6
5257822017 CHRISTIAN HILL CORP,9/15/2019,1 kWh,kWh,78.03,81.72,82.8,80.61,95.46,105.54,115.92,119.85,108.18,108.78,108.57,98.22,94.77,104.4,96.21,83.31,87.03,87.42,87.81,112.2,102.54,82.32,72.9,69.9
5257822017 CHRISTIAN HILL CORP,9/16/2019,1 kWh,kWh,70.74,76.65,75.18,69.54,69.57,84.9,98.49,99.33,100.89,117.69,106.41,91.86,81.24,98.91,94.32,83.67,97.08,83.88,83.73,113.07,107.19,82.8,83.58,88.08
5257822017 CHRISTIAN HILL CORP,9/17/2019,1 kWh,kWh,85.26,97.08,101.76,94.95,97.5,113.22,125.7,143.85,133.32,133.86,124.26,103.26,99.87,101.43,104.55,96.84,87.06,82.35,85.5,107.4,98.76,92.58,93.63,93.48
5257822017 CHRISTIAN HILL CORP,9/18/2019,1 kWh,kWh,96.81,93.27,100.11,104.25,105.48,118.62,130.44,145.59,132.99,134.7,110.46,111.3,93.45,106.65,103.41,102.21,104.16,102.99,100.86,120.15,100.02,89.07,90.78,87.57
5257822017 CHRISTIAN HILL CORP,9/19/2019,1 kWh,kWh,89.4,94.95,89.34,81.9,86.88,111.81,116.85,144.63,146.97,145.95,146.07,140.61,106.59,117.0,110.67,99.87,99.96,94.65,102.99,122.52,98.61,84.99,84.78,84.39
5257822017 CHRISTIAN HILL CORP,9/20/2019,1 kWh,kWh,82.77,85.59,86.91,92.31,92.55,110.19,129.03,129.36,130.2,139.86,114.87,106.29,95.7,95.67,105.96,102.03,86.76,81.72,78.15,112.62,92.88,90.48,86.34,82.95
5257822017 CHRISTIAN HILL CORP,9/21/2019,1 kWh,kWh,76.5,77.7,78.81,80.34,85.56,106.35,116.64,118.53,110.16,121.23,121.17,104.49,91.92,104.1,96.45,93.33,92.01,89.16,91.02,107.31,118.32,94.44,78.69,80.34
5257822017 CHRISTIAN HILL CORP,9/22/2019,1 kWh,kWh,76.32,77.04,79.38,74.88,75.84,91.26,104.1,108.9,103.32,130.92,122.94,104.76,94.65,102.9,114.75,99.51,102.84,98.37,95.01,99.99,111.87,87.18,66.93,64.29
5257822017 CHRISTIAN HILL CORP,9/23/2019,1 kWh,kWh,70.71,70.68,73.53,71.46,71.67,81.39,102.54,105.6,102.42,120.99,125.49,110.76,99.0,119.55,114.78,108.06,94.5,91.56,95.79,103.89,76.02,68.76,76.11,74.19
5257822017 CHRISTIAN HILL CORP,9/24/2019,1 kWh,kWh,74.82,74.88,68.88,68.1,82.83,91.77,101.07,109.32,106.68,116.76,116.76,113.13,110.58,109.86,119.04,112.92,101.25,97.89,99.81,122.46,105.48,106.02,96.72,90.15
5257822017 CHRISTIAN HILL CORP,9/25/2019,1 kWh,kWh,82.38,78.03,81.0,79.2,91.56,107.55,112.26,110.16,117.81,124.71,121.89,110.67,103.23,97.98,114.63,96.39,91.08,89.46,91.14,120.45,102.39,81.75,79.8,80.04
5257822017 CHRISTIAN HILL CORP,9/26/2019,1 kWh,kWh,75.15,77.76,79.44,84.57,82.35,100.38,122.79,124.71,120.24,120.51,123.27,110.55,93.21,98.22,86.04,82.5,92.91,96.3,117.48,126.6,104.16,83.22,82.14,82.26
5257822017 CHRISTIAN HILL CORP,9/27/2019,1 kWh,kWh,84.99,83.52,86.85,83.4,104.37,128.61,122.52,129.81,140.64,142.65,142.05,122.85,111.84,113.31,113.43,100.59,93.45,89.34,98.64,130.5,121.98,102.12,100.47,102.84
5257822017 CHRISTIAN HILL CORP,9/28/2019,1 kWh,kWh,96.3,97.23,100.95,92.64,106.11,122.55,129.84,129.39,122.73,123.27,106.47,104.76,91.26,97.26,101.85,91.59,93.9,89.31,86.49,109.32,105.45,79.2,78.21,79.83
5257822017 CHRISTIAN HILL CORP,9/29/2019,1 kWh,kWh,82.02,82.17,89.13,94.11,96.0,108.45,121.41,121.02,114.48,118.68,121.92,104.58,90.45,94.98,113.28,101.28,98.94,85.44,92.46,111.99,101.01,83.4,81.15,84.03
5257822017 CHRISTIAN HILL CORP,9/30/2019,1 kWh,kWh,87.18,84.84,81.45,84.45,103.47,117.9,121.56,132.06,137.13,145.23,137.73,122.16,103.2,108.24,104.94,96.57,102.69,108.57,111.84,126.81,116.13,89.64,81.93,80.25
5257822017 CHRISTIAN HILL CORP,10/1/2019,1 kWh,kWh,72.15,72.33,71.97,69.45,69.57,86.73,95.34,110.37,109.65,123.15,136.5,122.73,83.61,100.56,107.19,106.56,93.42,102.24,92.67,105.03,103.2,79.83,75.0,73.95
5257822017 CHRISTIAN HILL CORP,10/2/2019,1 kWh,kWh,71.79,66.27,72.81,75.27,85.41,102.87,102.9,105.48,114.63,132.03,126.51,117.12,96.84,117.72,126.12,109.71,101.37,96.96,94.8,111.09,89.52,83.01,85.2,90.51
5257822017 CHRISTIAN HILL CORP,10/3/2019,1 kWh,kWh,96.66,93.87,94.83,100.44,114.27,128.31,129.72,130.8,143.64,149.16,153.36,161.22,139.83,161.34,150.45,143.4,142.74,146.91,145.05,149.07,131.13,111.6,114.84,110.49
5257822017 CHRISTIAN HILL CORP,10/4/2019,1 kWh,kWh,110.79,110.37,118.86,114.0,128.31,142.89,143.85,148.38,142.32,144.99,141.84,148.8,139.05,155.85,150.06,140.94,145.29,118.89,122.16,156.33,147.75,122.58,112.5,118.83
5257822017 CHRISTIAN HILL CORP,10/5/2019,1 kWh,kWh,121.92,125.94,129.39,129.06,131.79,149.04,172.56,177.06,197.07,189.06,174.9,168.18,148.2,153.57,152.1,132.18,125.25,129.84,135.87,161.61,165.54,145.14,146.85,139.41
5257822017 CHRISTIAN HILL CORP,10/6/2019,1 kWh,kWh,143.64,146.31,139.68,138.6,135.39,143.4,147.36,155.88,151.44,159.6,173.1,154.38,143.34,150.42,163.56,141.42,146.46,143.67,132.33,138.48,138.69,113.16,100.95,99.48
5257822017 CHRISTIAN HILL CORP,10/7/2019,1 kWh,kWh,99.15,90.78,92.07,93.66,101.82,123.63,125.43,126.54,117.45,141.18,150.03,129.48,118.56,124.23,133.02,119.79,122.07,119.13,118.71,144.24,120.0,104.58,104.67,104.34
5257822017 CHRISTIAN HILL CORP,10/8/2019,1 kWh,kWh,98.46,97.71,100.86,95.79,108.87,124.95,137.34,141.03,142.02,145.44,136.68,115.08,103.08,115.77,98.73,99.3,105.42,110.37,112.95,126.21,105.54,99.87,109.23,102.81
5257822017 CHRISTIAN HILL CORP,10/9/2019,1 kWh,kWh,103.53,105.39,108.51,109.2,120.51,151.11,154.89,137.97,146.31,157.44,146.52,139.5,151.05,142.8,163.59,161.85,162.27,150.18,142.86,158.97,153.54,127.95,125.73,125.1
5257822017 CHRISTIAN HILL CORP,10/10/2019,1 kWh,kWh,115.62,130.29,133.89,124.95,121.89,147.27,153.81,175.5,163.74,161.13,148.62,123.12,108.12,118.86,103.74,90.72,92.82,103.98,101.25,135.99,111.48,92.64,94.92,93.39
5257822017 CHRISTIAN HILL CORP,10/11/2019,1 kWh,kWh,88.92,93.57,91.35,89.37,99.81,117.54,136.32,148.71,159.99,162.27,156.45,142.59,137.46,132.48,115.74,110.31,112.23,118.65,129.09,135.36,125.91,109.47,100.86,102.33
5257822017 CHRISTIAN HILL CORP,10/12/2019,1 kWh,kWh,109.65,105.06,103.02,104.04,117.12,133.62,133.53,136.71,135.27,137.13,124.74,119.25,107.07,104.64,107.94,98.55,81.96,89.82,110.19,121.23,97.47,80.13,79.53,79.11
5257822017 CHRISTIAN HILL CORP,10/13/2019,1 kWh,kWh,83.01,79.77,87.78,87.51,105.63,122.34,122.76,122.19,129.87,132.9,127.65,116.7,104.58,117.12,109.29,91.38,92.67,93.66,101.13,115.26,103.38,84.93,89.79,85.41
5257822017 CHRISTIAN HILL CORP,10/14/2019,1 kWh,kWh,91.26,97.14,97.02,93.99,107.22,121.44,128.01,136.29,143.01,153.42,130.65,116.67,103.32,112.83,98.4,92.88,92.07,89.4,99.48,113.58,127.5,106.74,100.26,93.84
5257822017 CHRISTIAN HILL CORP,10/15/2019,1 kWh,kWh,98.04,96.93,103.17,103.95,106.23,122.28,143.67,148.83,147.09,151.5,133.29,117.51,112.95,114.69,117.12,109.74,104.43,108.93,112.38,139.62,135.09,111.42,121.23,121.05
5257822017 CHRISTIAN HILL CORP,10/16/2019,1 kWh,kWh,128.37,132.06,135.66,131.49,141.9,150.99,163.65,189.78,178.62,162.81,163.14,144.66,134.82,138.06,159.12,140.28,146.49,128.13,132.6,145.98,127.56,115.92,115.98,113.82
5257822017 CHRISTIAN HILL CORP,10/17/2019,1 kWh,kWh,120.54,121.26,127.41,123.78,136.59,151.14,160.17,172.77,171.12,179.46,192.48,171.99,152.31,168.96,170.64,161.58,153.9,156.78,159.27,165.06,149.28,125.82,125.91,132.84
5257822017 CHRISTIAN HILL CORP,10/18/2019,1 kWh,kWh,130.23,132.06,135.84,131.07,137.85,160.53,155.64,169.41,185.73,197.43,191.61,165.81,149.34,158.85,153.57,144.63,147.96,150.51,148.92,158.49,161.37,135.12,139.83,132.57
5257822017 CHRISTIAN HILL CORP,10/19/2019,1 kWh,kWh,140.97,141.42,149.22,145.14,145.47,169.53,180.06,186.15,187.62,176.4,172.89,160.95,138.6,136.02,128.76,118.14,115.95,132.69,147.12,155.13,161.1,146.43,132.84,132.81
5257822017 CHRISTIAN HILL CORP,10/20/2019,1 kWh,kWh,134.25,144.72,152.61,154.47,156.72,178.26,190.53,191.52,198.93,191.7,187.17,151.17,135.51,126.51,148.2,149.58,139.2,144.33,132.72,138.63,137.37,109.17,107.58,110.88
5257822017 CHRISTIAN HILL CORP,10/21/2019,1 kWh,kWh,116.1,120.63,126.12,124.47,144.0,156.81,165.09,184.11,174.57,182.94,156.33,140.55,123.75,132.21,118.98,99.33,107.85,110.31,119.07,141.0,123.72,108.84,109.95,113.31
5257822017 CHRISTIAN HILL CORP,10/22/2019,1 kWh,kWh,112.11,118.53,119.85,115.89,132.81,142.98,148.89,156.54,163.98,169.05,171.78,160.38,132.18,146.16,139.83,124.41,132.03,123.3,128.97,131.4,114.24,107.04,102.69,106.71
5257822017 CHRISTIAN HILL CORP,10/23/2019,1 kWh,kWh,102.48,103.32,107.55,104.76,109.26,120.9,133.08,140.04,148.26,141.06,128.19,112.23,113.85,108.96,115.62,104.07,99.42,120.81,119.7,134.58,130.11,104.31,106.5,111.48
5257822017 CHRISTIAN HILL CORP,10/24/2019,1 kWh,kWh,113.7,130.71,132.03,121.35,134.64,145.14,174.45,194.25,219.27,197.04,182.16,161.79,130.95,125.19,108.42,96.63,87.66,100.11,116.97,134.73,121.29,111.87,107.4,105.33
5257822017 CHRISTIAN HILL CORP,10/25/2019,1 kWh,kWh,108.54,111.42,111.48,115.44,121.47,140.4,164.58,171.24,166.2,168.42,164.43,165.72,136.68,147.18,149.19,118.05,135.9,136.98,134.22,140.28,145.5,111.63,116.61,114.78
5257822017 CHRISTIAN HILL CORP,10/26/2019,1 kWh,kWh,114.57,118.65,123.63,131.25,144.12,164.1,168.48,168.99,159.21,159.9,138.69,134.07,131.82,148.74,131.64,118.83,123.45,129.48,129.48,160.14,135.93,120.78,122.64,120.15
5257822017 CHRISTIAN HILL CORP,10/27/2019,1 kWh,kWh,119.67,117.42,113.67,111.48,120.87,143.82,154.23,147.54,157.71,153.42,156.42,165.99,167.13,166.92,168.06,153.12,148.53,151.02,146.7,160.53,135.3,126.87,121.41,120.18
5257822017 CHRISTIAN HILL CORP,10/28/2019,1 kWh,kWh,123.12,122.16,122.91,122.94,139.71,147.75,154.62,161.64,162.48,182.37,180.18,151.44,125.58,145.17,142.89,132.54,121.38,122.01,136.62,146.67,127.23,116.67,115.77,117.12
5257822017 CHRISTIAN HILL CORP,10/29/2019,1 kWh,kWh,112.59,112.35,110.4,109.32,111.45,128.85,148.53,161.88,150.57,159.48,155.19,133.65,111.63,131.16,116.64,94.32,119.85,119.58,121.65,135.81,101.46,100.53,91.08,100.8
5257822017 CHRISTIAN HILL CORP,10/30/2019,1 kWh,kWh,102.96,99.27,109.5,102.99,111.81,130.29,132.6,136.44,152.79,154.53,150.6,130.41,125.34,146.55,140.04,119.76,132.42,125.73,126.9,149.13,132.87,106.2,100.8,100.44
5257822017 CHRISTIAN HILL CORP,10/31/2019,1 kWh,kWh,101.7,99.42,102.96,104.52,109.5,124.95,117.03,124.98,134.64,149.91,158.16,140.58,132.51,135.84,130.35,113.07,104.46,116.22,111.87,120.63,97.14,82.62,81.93,82.47
5257822017 CHRISTIAN HILL CORP,11/1/2019,1 kWh,kWh,78.96,78.9,83.94,88.17,104.04,124.05,145.86,154.89,169.05,176.52,166.26,135.63,146.79,165.3,147.0,120.21,140.67,142.65,147.57,172.38,153.57,125.13,124.14,127.62
5257822017 CHRISTIAN HILL CORP,11/2/2019,1 kWh,kWh,126.39,134.01,130.8,129.75,137.58,147.45,169.98,178.14,196.89,212.25,192.69,162.03,165.21,158.61,161.16,144.87,143.7,160.29,162.54,176.1,178.95,140.61,145.8,138.33
5257822017 CHRISTIAN HILL CORP,11/3/2019,1 kWh,kWh,143.52,141.42,147.72,149.07,159.42,178.08,198.54,202.65,192.78,194.4,185.1,163.26,157.38,159.21,166.59,150.39,164.25,166.71,176.76,183.69,176.28,146.91,137.82,141.93
5257822017 CHRISTIAN HILL CORP,11/4/2019,1 kWh,kWh,142.32,157.44,160.86,161.25,181.02,196.59,214.56,231.18,219.3,211.32,188.49,185.01,153.6,169.86,164.82,188.16,196.86,182.25,193.71,191.28,174.15,152.64,144.27,142.11
5257822017 CHRISTIAN HILL CORP,11/5/2019,1 kWh,kWh,134.31,140.37,138.21,137.64,154.89,174.15,189.39,194.43,199.35,181.08,177.3,160.74,152.82,175.62,164.58,153.66,154.98,163.74,164.52,180.24,158.94,144.96,147.15,139.2
5257822017 CHRISTIAN HILL CORP,11/6/2019,1 kWh,kWh,138.96,141.63,152.49,144.87,165.69,178.47,196.83,195.93,204.72,210.36,191.76,163.14,160.53,167.97,170.43,176.25,165.51,190.71,186.78,206.13,176.37,176.43,172.71,164.97
5257822017 CHRISTIAN HILL CORP,11/7/2019,1 kWh,kWh,163.08,159.78,171.87,170.16,167.49,180.21,185.91,199.41,197.28,208.77,200.43,192.39,176.37,180.63,177.51,159.99,162.06,171.39,175.41,189.66,182.4,163.92,160.5,158.52
5257822017 CHRISTIAN HILL CORP,11/8/2019,1 kWh,kWh,163.98,167.01,167.58,174.09,189.15,214.11,219.27,224.22,243.24,252.75,255.09,234.48,225.81,234.96,226.5,235.89,238.35,239.97,247.35,256.68,218.01,195.06,191.55,190.83
5257822017 CHRISTIAN HILL CORP,11/9/2019,1 kWh,kWh,201.66,203.7,212.82,211.47,233.46,256.32,263.55,266.79,264.48,264.93,246.39,231.15,228.06,238.53,214.8,216.84,227.13,226.89,225.57,242.43,243.45,203.16,193.08,186.39
5257822017 CHRISTIAN HILL CORP,11/10/2019,1 kWh,kWh,184.77,183.6,176.7,181.02,194.49,213.36,213.99,216.57,218.61,215.61,200.88,188.76,175.8,199.62,189.84,166.08,184.47,192.51,189.78,197.76,180.45,151.23,151.17,147.03
5257822017 CHRISTIAN HILL CORP,11/11/2019,1 kWh,kWh,144.78,148.17,147.15,149.91,153.87,178.32,194.01,196.29,200.46,219.63,195.75,184.23,169.14,185.07,166.89,167.97,179.37,180.54,180.06,195.63,171.03,153.69,156.57,147.75
5257822017 CHRISTIAN HILL CORP,11/12/2019,1 kWh,kWh,148.59,141.66,144.63,138.72,133.53,163.53,185.31,202.8,205.8,226.59,244.68,235.26,217.59,230.31,236.37,245.52,245.25,246.75,258.06,272.58,232.65,222.54,218.85,219.42
5257822017 CHRISTIAN HILL CORP,11/13/2019,1 kWh,kWh,225.36,223.53,223.89,222.33,242.76,267.03,277.44,281.94,286.98,,,,,,,,,,,,,,,
5257822017 CHRISTIAN HILL CORP,11/14/2019,1 kWh,kWh,,,,,,,,,,,,,,,,,,,,,,,,
5257822017 CHRISTIAN HILL CORP,11/15/2019,1 kWh,kWh,,,,,,,,,,,,,,,,,,,,,,,,
5257822017 CHRISTIAN HILL CORP,11/16/2019,1 kWh,kWh,,,,,,,,,,,,,,,,,,,,,,,,
5257822017 CHRISTIAN HILL CORP,11/17/2019,1 kWh,kWh,,,,,,,,,,,,,,,,,,,,,,,,
5257822017 CHRISTIAN HILL CORP,11/18/2019,1 kWh,kWh,,,,,,,,,,,,,,,,,,,,,,,,
5257822017 CHRISTIAN HILL CORP,11/19/2019,1 kWh,kWh,,,,,,,,,,,,,,,,,,,,,,,,
5257822017 CHRISTIAN HILL CORP,11/20/2019,1 kWh,kWh,,,,,,,,,,,,,,,,,,,,,,,,
5257822017 CHRISTIAN HILL CORP,11/21/2019,1 kWh,kWh,,,,,,,,,,,,,,,,,,,,,,,,
5257822017 CHRISTIAN HILL CORP,11/22/2019,1 kWh,kWh,,,,,,,,,,,,,,,,,,,,,,,,
5257822017 CHRISTIAN HILL CORP,11/23/2019,1 kWh,kWh,,,,,,,,,,,,,,,,,,,,,,,,
5257822017 CHRISTIAN HILL CORP,11/24/2019,1 kWh,kWh,,,,,,,,,,,,,,,,,,,,,,,,
5257822017 CHRISTIAN HILL CORP,11/25/2019,1 kWh,kWh,,,,,,,,,,,,,,,,,,,,,,,,
5257822017 CHRISTIAN HILL CORP,11/26/2019,1 kWh,kWh,,,,,,,,,,,,,,,,,,,,,,,,
5257822017 CHRISTIAN HILL CORP,11/27/2019,1 kWh,kWh,,,,,,,,,,,,,,,,,,,,,,,,
5257822017 CHRISTIAN HILL CORP,11/28/2019,1 kWh,kWh,,,,,,,,,,,,,,,,,,,,,,,,
5257822017 CHRISTIAN HILL CORP,11/29/2019,1 kWh,kWh,,,,,,,,,,,,,,,,,,,,,,,,
5257822017 CHRISTIAN HILL CORP,11/30/2019,1 kWh,kWh,,,,,,,,,,,,,,,,,,,,,,,,
5257822017 CHRISTIAN HILL CORP,12/1/2019,1 kWh,kWh,,,,,,,,,,,,,,,,,,,,,,,,
5257822017 CHRISTIAN HILL CORP,12/2/2019,1 kWh,kWh,,,,,,,,,,,,,,,,,,,,,,,,
